{
"__comment": "Designed by Tegaminmaverick with BDcraft Cubik PRO 0.85 Beta - http://bdcraft.net",
"textures": {
    "texture": "items/123"
},
"elements": [ 
{
    "from": [ 10.5, 5, 16.5 ],
    "to": [ 12.5, 7, 19.5 ],
    "faces": {
        "down":  { "uv": [ 5.5, 12, 6, 12.5 ], "texture": "#texture" },
        "up":    { "uv": [ 5.5, 12, 6, 12.5 ], "texture": "#texture" },
        "north": { "uv": [ 5.5, 12, 6, 12.5 ], "texture": "#texture" },
        "south": { "uv": [ 5.5, 12, 6, 12.5 ], "texture": "#texture" },
        "west":  { "uv": [ 5.5, 12, 6, 12.5 ], "texture": "#texture" },
        "east":  { "uv": [ 5.5, 12, 6, 12.5 ], "texture": "#texture" }
    }
},
{
    "from": [ 7.75, 12.5, 25 ],
    "to": [ 8.25, 13, 25.5 ],
    "faces": {
        "down":  { "uv": [ 4, 10.5, 4.5, 11 ], "texture": "#texture" },
        "up":    { "uv": [ 4, 10.5, 4.5, 11 ], "texture": "#texture" },
        "north": { "uv": [ 4, 10.5, 4.5, 11 ], "texture": "#texture" },
        "south": { "uv": [ 4, 10.5, 4.5, 11 ], "texture": "#texture" },
        "west":  { "uv": [ 4, 10.5, 4.5, 11 ], "texture": "#texture" },
        "east":  { "uv": [ 4, 10.5, 4.5, 11 ], "texture": "#texture" }
    }
},
{
    "from": [ 7.5, 12.5, 24.6875 ],
    "to": [ 8.5, 13.5, 25.6875 ],
    "faces": {
        "down":  { "uv": [ 7, 8, 7.5, 7.5 ], "texture": "#texture" },
        "up":    { "uv": [ 7, 7.5, 7.5, 8 ], "texture": "#texture" },
        "north": { "uv": [ 7, 7.5, 7.5, 8 ], "texture": "#texture" },
        "south": { "uv": [ 7, 7.5, 7.5, 8 ], "texture": "#texture" },
        "west":  { "uv": [ 7.5, 6.5, 8, 7 ], "texture": "#texture" },
        "east":  { "uv": [ 7, 7.5, 7.5, 8 ], "texture": "#texture" }
    }
},
{
    "from": [ 7.5, 10.5, 25 ],
    "to": [ 8.5, 13, 26 ],
    "faces": {
        "down":  { "uv": [ 7, 8, 7.5, 7.5 ], "texture": "#texture" },
        "up":    { "uv": [ 7, 7.5, 7.5, 8 ], "texture": "#texture" },
        "north": { "uv": [ 7, 7.5, 7.5, 8 ], "texture": "#texture" },
        "south": { "uv": [ 7, 7.5, 7.5, 8 ], "texture": "#texture" },
        "west":  { "uv": [ 7.5, 6.5, 8, 7 ], "texture": "#texture" },
        "east":  { "uv": [ 7, 7.5, 7.5, 8 ], "texture": "#texture" }
    }
},
{
    "from": [ 6, 13, 10 ],
    "to": [ 10, 13.5, 10.5 ],
    "faces": {
        "down":  { "uv": [ 4, 10.5, 4.5, 11 ], "texture": "#texture" },
        "up":    { "uv": [ 4, 10.5, 4.5, 11 ], "texture": "#texture" },
        "north": { "uv": [ 4, 10.5, 4.5, 11 ], "texture": "#texture" },
        "south": { "uv": [ 4, 10.5, 4.5, 11 ], "texture": "#texture" },
        "west":  { "uv": [ 4, 10.5, 4.5, 11 ], "texture": "#texture" },
        "east":  { "uv": [ 4, 10.5, 4.5, 11 ], "texture": "#texture" }
    }
},
{
    "from": [ 9.5, 11.5, 10 ],
    "to": [ 10, 13.5, 10.5 ],
    "faces": {
        "down":  { "uv": [ 4, 10.5, 4.5, 11 ], "texture": "#texture" },
        "up":    { "uv": [ 4, 10.5, 4.5, 11 ], "texture": "#texture" },
        "north": { "uv": [ 4, 10.5, 4.5, 11 ], "texture": "#texture" },
        "south": { "uv": [ 4, 10.5, 4.5, 11 ], "texture": "#texture" },
        "west":  { "uv": [ 4, 10.5, 4.5, 11 ], "texture": "#texture" },
        "east":  { "uv": [ 4, 10.5, 4.5, 11 ], "texture": "#texture" }
    }
},
{
    "from": [ 6, 11.5, 10 ],
    "to": [ 6.5, 13.5, 10.5 ],
    "faces": {
        "down":  { "uv": [ 4, 10.5, 4.5, 11 ], "texture": "#texture" },
        "up":    { "uv": [ 4, 10.5, 4.5, 11 ], "texture": "#texture" },
        "north": { "uv": [ 4, 10.5, 4.5, 11 ], "texture": "#texture" },
        "south": { "uv": [ 4, 10.5, 4.5, 11 ], "texture": "#texture" },
        "west":  { "uv": [ 4, 10.5, 4.5, 11 ], "texture": "#texture" },
        "east":  { "uv": [ 4, 10.5, 4.5, 11 ], "texture": "#texture" }
    }
},
{
    "from": [ 7, 9.5, 10.5 ],
    "to": [ 9, 11.5, 11 ],
    "faces": {
        "down":  { "uv": [ 4, 10.5, 4.5, 11 ], "texture": "#texture" },
        "up":    { "uv": [ 4, 10.5, 4.5, 11 ], "texture": "#texture" },
        "north": { "uv": [ 4, 10.5, 4.5, 11 ], "texture": "#texture" },
        "south": { "uv": [ 4, 10.5, 4.5, 11 ], "texture": "#texture" },
        "west":  { "uv": [ 4, 10.5, 4.5, 11 ], "texture": "#texture" },
        "east":  { "uv": [ 4, 10.5, 4.5, 11 ], "texture": "#texture" }
    }
},
{
    "from": [ 7, 9.5, 19 ],
    "to": [ 9, 11.5, 20 ],
    "faces": {
        "down":  { "uv": [ 4, 10.5, 4.5, 11 ], "texture": "#texture" },
        "up":    { "uv": [ 4, 10.5, 4.5, 11 ], "texture": "#texture" },
        "north": { "uv": [ 4, 10.5, 4.5, 11 ], "texture": "#texture" },
        "south": { "uv": [ 4, 10.5, 4.5, 11 ], "texture": "#texture" },
        "west":  { "uv": [ 4, 10.5, 4.5, 11 ], "texture": "#texture" },
        "east":  { "uv": [ 4, 10.5, 4.5, 11 ], "texture": "#texture" }
    }
},
{
    "from": [ 4, 11, 9 ],
    "to": [ 12, 11.5, 11 ],
    "faces": {
        "down":  { "uv": [ 4, 10.5, 4.5, 11 ], "texture": "#texture" },
        "up":    { "uv": [ 4, 10.5, 4.5, 11 ], "texture": "#texture" },
        "north": { "uv": [ 4, 10.5, 4.5, 11 ], "texture": "#texture" },
        "south": { "uv": [ 4, 10.5, 4.5, 11 ], "texture": "#texture" },
        "west":  { "uv": [ 4, 10.5, 4.5, 11 ], "texture": "#texture" },
        "east":  { "uv": [ 4, 10.5, 4.5, 11 ], "texture": "#texture" }
    }
},
{
    "from": [ 4.5, 11, 10.5 ],
    "to": [ 5.5, 11.5, 17.5 ],
    "faces": {
        "down":  { "uv": [ 4, 10.5, 4.5, 11 ], "texture": "#texture" },
        "up":    { "uv": [ 4, 10.5, 4.5, 11 ], "texture": "#texture" },
        "north": { "uv": [ 4, 10.5, 4.5, 11 ], "texture": "#texture" },
        "south": { "uv": [ 4, 10.5, 4.5, 11 ], "texture": "#texture" },
        "west":  { "uv": [ 4, 10.5, 4.5, 11 ], "texture": "#texture" },
        "east":  { "uv": [ 4, 10.5, 4.5, 11 ], "texture": "#texture" }
    }
},
{
    "from": [ 10.5, 11, 10 ],
    "to": [ 11.5, 11.5, 17 ],
    "faces": {
        "down":  { "uv": [ 4, 10.5, 4.5, 11 ], "texture": "#texture" },
        "up":    { "uv": [ 4, 10.5, 4.5, 11 ], "texture": "#texture" },
        "north": { "uv": [ 4, 10.5, 4.5, 11 ], "texture": "#texture" },
        "south": { "uv": [ 4, 10.5, 4.5, 11 ], "texture": "#texture" },
        "west":  { "uv": [ 4, 10.5, 4.5, 11 ], "texture": "#texture" },
        "east":  { "uv": [ 4, 10.5, 4.5, 11 ], "texture": "#texture" }
    }
},
{
    "from": [ 7, 11, 16 ],
    "to": [ 9, 11.5, 20.5 ],
    "faces": {
        "down":  { "uv": [ 4, 10.5, 4.5, 11 ], "texture": "#texture" },
        "up":    { "uv": [ 4, 10.5, 4.5, 11 ], "texture": "#texture" },
        "north": { "uv": [ 4, 10.5, 4.5, 11 ], "texture": "#texture" },
        "south": { "uv": [ 4, 10.5, 4.5, 11 ], "texture": "#texture" },
        "west":  { "uv": [ 4, 10.5, 4.5, 11 ], "texture": "#texture" },
        "east":  { "uv": [ 4, 10.5, 4.5, 11 ], "texture": "#texture" }
    }
},
{
    "from": [ 7, 11, 20.5 ],
    "to": [ 9, 11.5, 23 ],
    "faces": {
        "down":  { "uv": [ 4, 10.5, 4.5, 11 ], "texture": "#texture" },
        "up":    { "uv": [ 4, 10.5, 4.5, 11 ], "texture": "#texture" },
        "north": { "uv": [ 4, 10.5, 4.5, 11 ], "texture": "#texture" },
        "south": { "uv": [ 4, 10.5, 4.5, 11 ], "texture": "#texture" },
        "west":  { "uv": [ 4, 10.5, 4.5, 11 ], "texture": "#texture" },
        "east":  { "uv": [ 4, 10.5, 4.5, 11 ], "texture": "#texture" }
    }
},
{
    "from": [ 7, 10, 22.5 ],
    "to": [ 9, 10.5, 27 ],
    "faces": {
        "down":  { "uv": [ 4, 10.5, 4.5, 11 ], "texture": "#texture" },
        "up":    { "uv": [ 4, 10.5, 4.5, 11 ], "texture": "#texture" },
        "north": { "uv": [ 4, 10.5, 4.5, 11 ], "texture": "#texture" },
        "south": { "uv": [ 4, 10.5, 4.5, 11 ], "texture": "#texture" },
        "west":  { "uv": [ 4, 10.5, 4.5, 11 ], "texture": "#texture" },
        "east":  { "uv": [ 4, 10.5, 4.5, 11 ], "texture": "#texture" }
    }
},
{
    "from": [ 7, 6, 22 ],
    "to": [ 9, 8, 22.5 ],
    "faces": {
        "down":  { "uv": [ 4, 10.5, 4.5, 11 ], "texture": "#texture" },
        "up":    { "uv": [ 4, 10.5, 4.5, 11 ], "texture": "#texture" },
        "north": { "uv": [ 4, 10.5, 4.5, 11 ], "texture": "#texture" },
        "south": { "uv": [ 4, 10.5, 4.5, 11 ], "texture": "#texture" },
        "west":  { "uv": [ 4, 10.5, 4.5, 11 ], "texture": "#texture" },
        "east":  { "uv": [ 4, 10.5, 4.5, 11 ], "texture": "#texture" }
    }
},
{
    "from": [ 7, 4.5, 26 ],
    "to": [ 9, 10, 26.5 ],
    "faces": {
        "down":  { "uv": [ 4, 10.5, 4.5, 11 ], "texture": "#texture" },
        "up":    { "uv": [ 4, 10.5, 4.5, 11 ], "texture": "#texture" },
        "north": { "uv": [ 4, 10.5, 4.5, 11 ], "texture": "#texture" },
        "south": { "uv": [ 4, 10.5, 4.5, 11 ], "texture": "#texture" },
        "west":  { "uv": [ 4, 10.5, 4.5, 11 ], "texture": "#texture" },
        "east":  { "uv": [ 4, 10.5, 4.5, 11 ], "texture": "#texture" }
    }
},
{
    "from": [ 5, 6, -9 ],
    "to": [ 11, 8, -8.5 ],
    "faces": {
        "down":  { "uv": [ 2, 1, 2.5, 0.5 ], "texture": "#texture" },
        "up":    { "uv": [ 2, 0.5, 2.5, 1 ], "texture": "#texture" },
        "north": { "uv": [ 2, 0.5, 2.5, 1 ], "texture": "#texture" },
        "south": { "uv": [ 2, 0.5, 2.5, 1 ], "texture": "#texture" },
        "west":  { "uv": [ 2, 0.5, 2.5, 1 ], "texture": "#texture" },
        "east":  { "uv": [ 2, 0.5, 2.5, 1 ], "texture": "#texture" }
    }
},
{
    "from": [ 5.5, 4.5, -9 ],
    "to": [ 10.5, 9.5, -8.5 ],
    "faces": {
        "down":  { "uv": [ 2, 1, 2.5, 0.5 ], "texture": "#texture" },
        "up":    { "uv": [ 2, 0.5, 2.5, 1 ], "texture": "#texture" },
        "north": { "uv": [ 2, 0.5, 2.5, 1 ], "texture": "#texture" },
        "south": { "uv": [ 2, 0.5, 2.5, 1 ], "texture": "#texture" },
        "west":  { "uv": [ 2, 0.5, 2.5, 1 ], "texture": "#texture" },
        "east":  { "uv": [ 2, 0.5, 2.5, 1 ], "texture": "#texture" }
    }
},
{
    "from": [ 7, 4, -9 ],
    "to": [ 9, 10, -8.5 ],
    "faces": {
        "down":  { "uv": [ 2, 1, 2.5, 0.5 ], "texture": "#texture" },
        "up":    { "uv": [ 2, 0.5, 2.5, 1 ], "texture": "#texture" },
        "north": { "uv": [ 2, 0.5, 2.5, 1 ], "texture": "#texture" },
        "south": { "uv": [ 2, 0.5, 2.5, 1 ], "texture": "#texture" },
        "west":  { "uv": [ 2, 0.5, 2.5, 1 ], "texture": "#texture" },
        "east":  { "uv": [ 2, 0.5, 2.5, 1 ], "texture": "#texture" }
    }
},
{
    "from": [ 5, 6, 21.5 ],
    "to": [ 11, 8, 22 ],
    "faces": {
        "down":  { "uv": [ 2, 1, 2.5, 0.5 ], "texture": "#texture" },
        "up":    { "uv": [ 2, 0.5, 2.5, 1 ], "texture": "#texture" },
        "north": { "uv": [ 2, 0.5, 2.5, 1 ], "texture": "#texture" },
        "south": { "uv": [ 2, 0.5, 2.5, 1 ], "texture": "#texture" },
        "west":  { "uv": [ 2, 0.5, 2.5, 1 ], "texture": "#texture" },
        "east":  { "uv": [ 2, 0.5, 2.5, 1 ], "texture": "#texture" }
    }
},
{
    "from": [ 5.5, 4.5, 21.5 ],
    "to": [ 10.5, 9.5, 22 ],
    "faces": {
        "down":  { "uv": [ 2, 1, 2.5, 0.5 ], "texture": "#texture" },
        "up":    { "uv": [ 2, 0.5, 2.5, 1 ], "texture": "#texture" },
        "north": { "uv": [ 2, 0.5, 2.5, 1 ], "texture": "#texture" },
        "south": { "uv": [ 2, 0.5, 2.5, 1 ], "texture": "#texture" },
        "west":  { "uv": [ 2, 0.5, 2.5, 1 ], "texture": "#texture" },
        "east":  { "uv": [ 2, 0.5, 2.5, 1 ], "texture": "#texture" }
    }
},
{
    "from": [ 7, 4, 21.5 ],
    "to": [ 9, 10, 22 ],
    "faces": {
        "down":  { "uv": [ 2, 1, 2.5, 0.5 ], "texture": "#texture" },
        "up":    { "uv": [ 2, 0.5, 2.5, 1 ], "texture": "#texture" },
        "north": { "uv": [ 2, 0.5, 2.5, 1 ], "texture": "#texture" },
        "south": { "uv": [ 2, 0.5, 2.5, 1 ], "texture": "#texture" },
        "west":  { "uv": [ 2, 0.5, 2.5, 1 ], "texture": "#texture" },
        "east":  { "uv": [ 2, 0.5, 2.5, 1 ], "texture": "#texture" }
    }
},
{
    "from": [ 4, 9, 17 ],
    "to": [ 5, 9.5, 19 ],
    "faces": {
        "down":  { "uv": [ 2, 0, 2.5, 0.5 ], "texture": "#texture" },
        "up":    { "uv": [ 2, 0, 2.5, 0.5 ], "texture": "#texture" },
        "north": { "uv": [ 2, 0, 2.5, 0.5 ], "texture": "#texture" },
        "south": { "uv": [ 2, 0, 2.5, 0.5 ], "texture": "#texture" },
        "west":  { "uv": [ 2, 0, 2.5, 0.5 ], "texture": "#texture" },
        "east":  { "uv": [ 2, 0, 2.5, 0.5 ], "texture": "#texture" }
    }
},
{
    "from": [ 4, 8.5, 19 ],
    "to": [ 5, 9.5, 19.5 ],
    "faces": {
        "down":  { "uv": [ 2, 0, 2.5, 0.5 ], "texture": "#texture" },
        "up":    { "uv": [ 2, 0, 2.5, 0.5 ], "texture": "#texture" },
        "north": { "uv": [ 2, 0, 2.5, 0.5 ], "texture": "#texture" },
        "south": { "uv": [ 2, 0, 2.5, 0.5 ], "texture": "#texture" },
        "west":  { "uv": [ 2, 0, 2.5, 0.5 ], "texture": "#texture" },
        "east":  { "uv": [ 2, 0, 2.5, 0.5 ], "texture": "#texture" }
    }
},
{
    "from": [ 4, 8.5, 16.5 ],
    "to": [ 5, 9.5, 17 ],
    "faces": {
        "down":  { "uv": [ 2, 0, 2.5, 0.5 ], "texture": "#texture" },
        "up":    { "uv": [ 2, 0, 2.5, 0.5 ], "texture": "#texture" },
        "north": { "uv": [ 2, 0, 2.5, 0.5 ], "texture": "#texture" },
        "south": { "uv": [ 2, 0, 2.5, 0.5 ], "texture": "#texture" },
        "west":  { "uv": [ 2, 0, 2.5, 0.5 ], "texture": "#texture" },
        "east":  { "uv": [ 2, 0, 2.5, 0.5 ], "texture": "#texture" }
    }
},
{
    "from": [ 4.5, 8.5, 17 ],
    "to": [ 5, 9, 19 ],
    "faces": {
        "down":  { "uv": [ 8, 13, 9, 13.5 ], "rotation": 180, "texture": "#texture" },
        "up":    { "uv": [ 8, 12.5, 8.5, 14 ], "texture": "#texture" },
        "north": { "uv": [ 7.5, 13, 8, 13.5 ], "texture": "#texture" },
        "south": { "uv": [ 8.5, 13, 9, 13.5 ], "texture": "#texture" },
        "west":  { "uv": [ 7.5, 13, 9, 13.5 ], "texture": "#texture" },
        "east":  { "uv": [ 8, 13, 9, 13.5 ], "texture": "#texture" }
    }
},
{
    "from": [ 4, 8, 17 ],
    "to": [ 4.5, 8.5, 19 ],
    "faces": {
        "down":  { "uv": [ 8, 13, 9, 13.5 ], "rotation": 180, "texture": "#texture" },
        "up":    { "uv": [ 8, 12.5, 8.5, 14 ], "texture": "#texture" },
        "north": { "uv": [ 7.5, 13, 8, 13.5 ], "texture": "#texture" },
        "south": { "uv": [ 8.5, 13, 9, 13.5 ], "texture": "#texture" },
        "west":  { "uv": [ 7.5, 13, 9, 13.5 ], "texture": "#texture" },
        "east":  { "uv": [ 8, 13, 9, 13.5 ], "texture": "#texture" }
    }
},
{
    "from": [ 4, 7.5, 17 ],
    "to": [ 4.5, 8, 19 ],
    "faces": {
        "down":  { "uv": [ 8, 13, 9, 13.5 ], "rotation": 180, "texture": "#texture" },
        "up":    { "uv": [ 8, 12.5, 8.5, 14 ], "texture": "#texture" },
        "north": { "uv": [ 7.5, 13, 8, 13.5 ], "texture": "#texture" },
        "south": { "uv": [ 8.5, 13, 9, 13.5 ], "texture": "#texture" },
        "west":  { "uv": [ 7.5, 13, 9, 13.5 ], "texture": "#texture" },
        "east":  { "uv": [ 8, 13, 9, 13.5 ], "texture": "#texture" }
    }
},
{
    "from": [ 3.5, 6.5, 17 ],
    "to": [ 4, 7, 19 ],
    "faces": {
        "down":  { "uv": [ 8, 13, 9, 13.5 ], "rotation": 180, "texture": "#texture" },
        "up":    { "uv": [ 8, 12.5, 8.5, 14 ], "texture": "#texture" },
        "north": { "uv": [ 7.5, 13, 8, 13.5 ], "texture": "#texture" },
        "south": { "uv": [ 8.5, 13, 9, 13.5 ], "texture": "#texture" },
        "west":  { "uv": [ 7.5, 13, 9, 13.5 ], "texture": "#texture" },
        "east":  { "uv": [ 8, 13, 9, 13.5 ], "texture": "#texture" }
    }
},
{
    "from": [ 3, 6, 17 ],
    "to": [ 3.5, 6.5, 19 ],
    "faces": {
        "down":  { "uv": [ 8, 13, 9, 13.5 ], "rotation": 180, "texture": "#texture" },
        "up":    { "uv": [ 8, 12.5, 8.5, 14 ], "texture": "#texture" },
        "north": { "uv": [ 7.5, 13, 8, 13.5 ], "texture": "#texture" },
        "south": { "uv": [ 8.5, 13, 9, 13.5 ], "texture": "#texture" },
        "west":  { "uv": [ 7.5, 13, 9, 13.5 ], "texture": "#texture" },
        "east":  { "uv": [ 8, 13, 9, 13.5 ], "texture": "#texture" }
    }
},
{
    "from": [ 3, 5, 16.5 ],
    "to": [ 3.5, 5.5, 19.5 ],
    "faces": {
        "down":  { "uv": [ 5.5, 12, 6, 12.5 ], "texture": "#texture" },
        "up":    { "uv": [ 5.5, 12, 6, 12.5 ], "texture": "#texture" },
        "north": { "uv": [ 5.5, 12, 6, 12.5 ], "texture": "#texture" },
        "south": { "uv": [ 5.5, 12, 6, 12.5 ], "texture": "#texture" },
        "west":  { "uv": [ 5.5, 12, 6, 12.5 ], "texture": "#texture" },
        "east":  { "uv": [ 5.5, 12, 6, 12.5 ], "texture": "#texture" }
    }
},
{
    "from": [ 2.5, 5.5, 17 ],
    "to": [ 4, 6, 19 ],
    "faces": {
        "down":  { "uv": [ 5, 12.5, 5.5, 13 ], "texture": "#texture" },
        "up":    { "uv": [ 5, 12.5, 5.5, 13 ], "texture": "#texture" },
        "north": { "uv": [ 5, 12.5, 5.5, 13 ], "texture": "#texture" },
        "south": { "uv": [ 5, 12.5, 5.5, 13 ], "texture": "#texture" },
        "west":  { "uv": [ 5, 12.5, 5.5, 13 ], "texture": "#texture" },
        "east":  { "uv": [ 5, 12.5, 5.5, 13 ], "texture": "#texture" }
    }
},
{
    "from": [ 2, 5.5, 19 ],
    "to": [ 4.5, 6.5, 19.5 ],
    "faces": {
        "down":  { "uv": [ 5.5, 12, 6, 12.5 ], "texture": "#texture" },
        "up":    { "uv": [ 5.5, 12, 6, 12.5 ], "texture": "#texture" },
        "north": { "uv": [ 5.5, 12, 6, 12.5 ], "texture": "#texture" },
        "south": { "uv": [ 5.5, 12, 6, 12.5 ], "texture": "#texture" },
        "west":  { "uv": [ 5.5, 12, 6, 12.5 ], "texture": "#texture" },
        "east":  { "uv": [ 5.5, 12, 6, 12.5 ], "texture": "#texture" }
    }
},
{
    "from": [ 2, 5.5, 16.5 ],
    "to": [ 4.5, 6.5, 17 ],
    "faces": {
        "down":  { "uv": [ 5.5, 12, 6, 12.5 ], "texture": "#texture" },
        "up":    { "uv": [ 5.5, 12, 6, 12.5 ], "texture": "#texture" },
        "north": { "uv": [ 5.5, 12, 6, 12.5 ], "texture": "#texture" },
        "south": { "uv": [ 5.5, 12, 6, 12.5 ], "texture": "#texture" },
        "west":  { "uv": [ 5.5, 12, 6, 12.5 ], "texture": "#texture" },
        "east":  { "uv": [ 5.5, 12, 6, 12.5 ], "texture": "#texture" }
    }
},
{
    "from": [ 3.5, 7, 17 ],
    "to": [ 4, 7.5, 19 ],
    "faces": {
        "down":  { "uv": [ 8, 13, 9, 13.5 ], "rotation": 180, "texture": "#texture" },
        "up":    { "uv": [ 8, 12.5, 8.5, 14 ], "texture": "#texture" },
        "north": { "uv": [ 7.5, 13, 8, 13.5 ], "texture": "#texture" },
        "south": { "uv": [ 8.5, 13, 9, 13.5 ], "texture": "#texture" },
        "west":  { "uv": [ 7.5, 13, 9, 13.5 ], "texture": "#texture" },
        "east":  { "uv": [ 8, 13, 9, 13.5 ], "texture": "#texture" }
    }
},
{
    "from": [ 2, 5.5, 17 ],
    "to": [ 2.5, 6.5, 19 ],
    "faces": {
        "down":  { "uv": [ 5.5, 12, 6, 12.5 ], "texture": "#texture" },
        "up":    { "uv": [ 5.5, 12, 6, 12.5 ], "texture": "#texture" },
        "north": { "uv": [ 5.5, 12, 6, 12.5 ], "texture": "#texture" },
        "south": { "uv": [ 5.5, 12, 6, 12.5 ], "texture": "#texture" },
        "west":  { "uv": [ 5.5, 12, 6, 12.5 ], "texture": "#texture" },
        "east":  { "uv": [ 5.5, 12, 6, 12.5 ], "texture": "#texture" }
    }
},
{
    "from": [ 7.5, 6.5, 22 ],
    "to": [ 8.5, 7.5, 27 ],
    "faces": {
        "down":  { "uv": [ 4, 10.5, 4.5, 11 ], "texture": "#texture" },
        "up":    { "uv": [ 4, 10.5, 4.5, 11 ], "texture": "#texture" },
        "north": { "uv": [ 4, 10.5, 4.5, 11 ], "texture": "#texture" },
        "south": { "uv": [ 4, 10.5, 4.5, 11 ], "texture": "#texture" },
        "west":  { "uv": [ 4, 10.5, 4.5, 11 ], "texture": "#texture" },
        "east":  { "uv": [ 4, 10.5, 4.5, 11 ], "texture": "#texture" }
    }
},
{
    "from": [ 2.5, 5, 16.5 ],
    "to": [ 3, 5.5, 19.5 ],
    "faces": {
        "down":  { "uv": [ 5.5, 12, 6, 12.5 ], "texture": "#texture" },
        "up":    { "uv": [ 5.5, 12, 6, 12.5 ], "texture": "#texture" },
        "north": { "uv": [ 5.5, 12, 6, 12.5 ], "texture": "#texture" },
        "south": { "uv": [ 5.5, 12, 6, 12.5 ], "texture": "#texture" },
        "west":  { "uv": [ 5.5, 12, 6, 12.5 ], "texture": "#texture" },
        "east":  { "uv": [ 5.5, 12, 6, 12.5 ], "texture": "#texture" }
    }
},
{
    "from": [ 3, 3, 11 ],
    "to": [ 7, 5, 20.5 ],
    "faces": {
        "down":  { "uv": [ 5, 10, 5.5, 9.5 ], "texture": "#texture" },
        "up":    { "uv": [ 5, 9.5, 5.5, 10 ], "texture": "#texture" },
        "north": { "uv": [ 5, 9.5, 5.5, 10 ], "texture": "#texture" },
        "south": { "uv": [ 5, 9.5, 5.5, 10 ], "texture": "#texture" },
        "west":  { "uv": [ 5, 9.5, 5.5, 10 ], "texture": "#texture" },
        "east":  { "uv": [ 5, 9.5, 5.5, 10 ], "texture": "#texture" }
    }
},
{
    "from": [ 4, 2, 11 ],
    "to": [ 6, 6, 20.5 ],
    "faces": {
        "down":  { "uv": [ 5, 10, 5.5, 9.5 ], "texture": "#texture" },
        "up":    { "uv": [ 5, 9.5, 5.5, 10 ], "texture": "#texture" },
        "north": { "uv": [ 5, 9.5, 5.5, 10 ], "texture": "#texture" },
        "south": { "uv": [ 5, 9.5, 5.5, 10 ], "texture": "#texture" },
        "west":  { "uv": [ 5, 9.5, 5.5, 10 ], "texture": "#texture" },
        "east":  { "uv": [ 5, 9.5, 5.5, 10 ], "texture": "#texture" }
    }
},
{
    "from": [ 3.5, 2.5, 11 ],
    "to": [ 6.5, 5.5, 20.5 ],
    "faces": {
        "down":  { "uv": [ 5, 10, 5.5, 9.5 ], "texture": "#texture" },
        "up":    { "uv": [ 5, 9.5, 5.5, 10 ], "texture": "#texture" },
        "north": { "uv": [ 5, 9.5, 5.5, 10 ], "texture": "#texture" },
        "south": { "uv": [ 5, 9.5, 5.5, 10 ], "texture": "#texture" },
        "west":  { "uv": [ 5, 9.5, 5.5, 10 ], "texture": "#texture" },
        "east":  { "uv": [ 5, 9.5, 5.5, 10 ], "texture": "#texture" }
    }
},
{
    "from": [ 4.5, 5.5, 10 ],
    "to": [ 11.5, 8.5, 21.5 ],
    "faces": {
        "down":  { "uv": [ 7, 8, 7.5, 7.5 ], "texture": "#texture" },
        "up":    { "uv": [ 7, 7.5, 7.5, 8 ], "texture": "#texture" },
        "north": { "uv": [ 7, 7.5, 7.5, 8 ], "texture": "#texture" },
        "south": { "uv": [ 7, 7.5, 7.5, 8 ], "texture": "#texture" },
        "west":  { "uv": [ 7.5, 6.5, 8, 7 ], "texture": "#texture" },
        "east":  { "uv": [ 7, 7.5, 7.5, 8 ], "texture": "#texture" }
    }
},
{
    "from": [ 5, 4, 10 ],
    "to": [ 11, 10, 21.5 ],
    "faces": {
        "down":  { "uv": [ 7, 8, 7.5, 7.5 ], "texture": "#texture" },
        "up":    { "uv": [ 7, 7.5, 7.5, 8 ], "texture": "#texture" },
        "north": { "uv": [ 7, 7.5, 7.5, 8 ], "texture": "#texture" },
        "south": { "uv": [ 7, 7.5, 7.5, 8 ], "texture": "#texture" },
        "west":  { "uv": [ 7.5, 6.5, 8, 7 ], "texture": "#texture" },
        "east":  { "uv": [ 7, 7.5, 7.5, 8 ], "texture": "#texture" }
    }
},
{
    "from": [ 6.5, 3.5, 10 ],
    "to": [ 9.5, 10.5, 21.5 ],
    "faces": {
        "down":  { "uv": [ 7, 8, 7.5, 7.5 ], "texture": "#texture" },
        "up":    { "uv": [ 7, 7.5, 7.5, 8 ], "texture": "#texture" },
        "north": { "uv": [ 7, 7.5, 7.5, 8 ], "texture": "#texture" },
        "south": { "uv": [ 7, 7.5, 7.5, 8 ], "texture": "#texture" },
        "west":  { "uv": [ 7.5, 6.5, 8, 7 ], "texture": "#texture" },
        "east":  { "uv": [ 7, 7.5, 7.5, 8 ], "texture": "#texture" }
    }
},
{
    "from": [ 5, 6, 9.5 ],
    "to": [ 11, 8, 10 ],
    "faces": {
        "down":  { "uv": [ 2, 1, 2.5, 0.5 ], "texture": "#texture" },
        "up":    { "uv": [ 2, 0.5, 2.5, 1 ], "texture": "#texture" },
        "north": { "uv": [ 2, 0.5, 2.5, 1 ], "texture": "#texture" },
        "south": { "uv": [ 2, 0.5, 2.5, 1 ], "texture": "#texture" },
        "west":  { "uv": [ 2, 0.5, 2.5, 1 ], "texture": "#texture" },
        "east":  { "uv": [ 2, 0.5, 2.5, 1 ], "texture": "#texture" }
    }
},
{
    "from": [ 5.5, 4.5, 9.5 ],
    "to": [ 10.5, 9.5, 10 ],
    "faces": {
        "down":  { "uv": [ 2, 1, 2.5, 0.5 ], "texture": "#texture" },
        "up":    { "uv": [ 2, 0.5, 2.5, 1 ], "texture": "#texture" },
        "north": { "uv": [ 2, 0.5, 2.5, 1 ], "texture": "#texture" },
        "south": { "uv": [ 2, 0.5, 2.5, 1 ], "texture": "#texture" },
        "west":  { "uv": [ 2, 0.5, 2.5, 1 ], "texture": "#texture" },
        "east":  { "uv": [ 2, 0.5, 2.5, 1 ], "texture": "#texture" }
    }
},
{
    "from": [ 7, 4, 9.5 ],
    "to": [ 9, 10, 10 ],
    "faces": {
        "down":  { "uv": [ 2, 1, 2.5, 0.5 ], "texture": "#texture" },
        "up":    { "uv": [ 2, 0.5, 2.5, 1 ], "texture": "#texture" },
        "north": { "uv": [ 2, 0.5, 2.5, 1 ], "texture": "#texture" },
        "south": { "uv": [ 2, 0.5, 2.5, 1 ], "texture": "#texture" },
        "west":  { "uv": [ 2, 0.5, 2.5, 1 ], "texture": "#texture" },
        "east":  { "uv": [ 2, 0.5, 2.5, 1 ], "texture": "#texture" }
    }
},
{
    "from": [ 7.5, 6, -9.5 ],
    "to": [ 8.5, 6.5, 9.5 ],
    "faces": {
        "down":  { "uv": [ 4, 4, 4.5, 4.5 ], "texture": "#texture" },
        "up":    { "uv": [ 4, 4, 4.5, 4.5 ], "texture": "#texture" },
        "north": { "uv": [ 4, 4, 4.5, 4.5 ], "texture": "#texture" },
        "south": { "uv": [ 4, 4, 4.5, 4.5 ], "texture": "#texture" },
        "west":  { "uv": [ 4, 4, 4.5, 4.5 ], "texture": "#texture" },
        "east":  { "uv": [ 4, 4, 4.5, 4.5 ], "texture": "#texture" }
    }
},
{
    "from": [ 7, 6.5, -9.5 ],
    "to": [ 7.5, 7.5, 9.5 ],
    "faces": {
        "down":  { "uv": [ 4, 4, 4.5, 4.5 ], "texture": "#texture" },
        "up":    { "uv": [ 4, 4, 4.5, 4.5 ], "texture": "#texture" },
        "north": { "uv": [ 4, 4, 4.5, 4.5 ], "texture": "#texture" },
        "south": { "uv": [ 4, 4, 4.5, 4.5 ], "texture": "#texture" },
        "west":  { "uv": [ 4, 4, 4.5, 4.5 ], "texture": "#texture" },
        "east":  { "uv": [ 4, 4, 4.5, 4.5 ], "texture": "#texture" }
    }
},
{
    "from": [ 8.5, 6.5, -9.5 ],
    "to": [ 9, 7.5, 9.5 ],
    "faces": {
        "down":  { "uv": [ 4, 4, 4.5, 4.5 ], "texture": "#texture" },
        "up":    { "uv": [ 4, 4, 4.5, 4.5 ], "texture": "#texture" },
        "north": { "uv": [ 4, 4, 4.5, 4.5 ], "texture": "#texture" },
        "south": { "uv": [ 4, 4, 4.5, 4.5 ], "texture": "#texture" },
        "west":  { "uv": [ 4, 4, 4.5, 4.5 ], "texture": "#texture" },
        "east":  { "uv": [ 4, 4, 4.5, 4.5 ], "texture": "#texture" }
    }
},
{
    "from": [ 7.5, 7.5, -9.5 ],
    "to": [ 8.5, 8, 9.5 ],
    "faces": {
        "down":  { "uv": [ 4, 4, 4.5, 4.5 ], "texture": "#texture" },
        "up":    { "uv": [ 4, 4, 4.5, 4.5 ], "texture": "#texture" },
        "north": { "uv": [ 4, 4, 4.5, 4.5 ], "texture": "#texture" },
        "south": { "uv": [ 4, 4, 4.5, 4.5 ], "texture": "#texture" },
        "west":  { "uv": [ 4, 4, 4.5, 4.5 ], "texture": "#texture" },
        "east":  { "uv": [ 4, 4, 4.5, 4.5 ], "texture": "#texture" }
    }
},
{
    "from": [ 5.5, 4.5, -5.5 ],
    "to": [ 10.5, 9.5, -5 ],
    "faces": {
        "down":  { "uv": [ 2, 1, 2.5, 0.5 ], "texture": "#texture" },
        "up":    { "uv": [ 2, 0.5, 2.5, 1 ], "texture": "#texture" },
        "north": { "uv": [ 2, 0.5, 2.5, 1 ], "texture": "#texture" },
        "south": { "uv": [ 2, 0.5, 2.5, 1 ], "texture": "#texture" },
        "west":  { "uv": [ 2, 0.5, 2.5, 1 ], "texture": "#texture" },
        "east":  { "uv": [ 2, 0.5, 2.5, 1 ], "texture": "#texture" }
    }
},
{
    "from": [ 7, 4, -5.5 ],
    "to": [ 9, 10, -5 ],
    "faces": {
        "down":  { "uv": [ 2, 1, 2.5, 0.5 ], "texture": "#texture" },
        "up":    { "uv": [ 2, 0.5, 2.5, 1 ], "texture": "#texture" },
        "north": { "uv": [ 2, 0.5, 2.5, 1 ], "texture": "#texture" },
        "south": { "uv": [ 2, 0.5, 2.5, 1 ], "texture": "#texture" },
        "west":  { "uv": [ 2, 0.5, 2.5, 1 ], "texture": "#texture" },
        "east":  { "uv": [ 2, 0.5, 2.5, 1 ], "texture": "#texture" }
    }
},
{
    "from": [ 5, 6, -5.5 ],
    "to": [ 11, 8, -5 ],
    "faces": {
        "down":  { "uv": [ 2, 1, 2.5, 0.5 ], "texture": "#texture" },
        "up":    { "uv": [ 2, 0.5, 2.5, 1 ], "texture": "#texture" },
        "north": { "uv": [ 2, 0.5, 2.5, 1 ], "texture": "#texture" },
        "south": { "uv": [ 2, 0.5, 2.5, 1 ], "texture": "#texture" },
        "west":  { "uv": [ 2, 0.5, 2.5, 1 ], "texture": "#texture" },
        "east":  { "uv": [ 2, 0.5, 2.5, 1 ], "texture": "#texture" }
    }
},
{
    "from": [ 5, 6, -0.5 ],
    "to": [ 11, 8, 1 ],
    "faces": {
        "down":  { "uv": [ 2, 1, 2.5, 0.5 ], "texture": "#texture" },
        "up":    { "uv": [ 2, 0.5, 2.5, 1 ], "texture": "#texture" },
        "north": { "uv": [ 2, 0.5, 2.5, 1 ], "texture": "#texture" },
        "south": { "uv": [ 2, 0.5, 2.5, 1 ], "texture": "#texture" },
        "west":  { "uv": [ 2, 0.5, 2.5, 1 ], "texture": "#texture" },
        "east":  { "uv": [ 2, 0.5, 2.5, 1 ], "texture": "#texture" }
    }
},
{
    "from": [ 5.5, 4.5, -0.5 ],
    "to": [ 10.5, 9.5, 1 ],
    "faces": {
        "down":  { "uv": [ 2, 1, 2.5, 0.5 ], "texture": "#texture" },
        "up":    { "uv": [ 2, 0.5, 2.5, 1 ], "texture": "#texture" },
        "north": { "uv": [ 2, 0.5, 2.5, 1 ], "texture": "#texture" },
        "south": { "uv": [ 2, 0.5, 2.5, 1 ], "texture": "#texture" },
        "west":  { "uv": [ 2, 0.5, 2.5, 1 ], "texture": "#texture" },
        "east":  { "uv": [ 2, 0.5, 2.5, 1 ], "texture": "#texture" }
    }
},
{
    "from": [ 7, 4, -3.5 ],
    "to": [ 9, 10, -3 ],
    "faces": {
        "down":  { "uv": [ 2, 1, 2.5, 0.5 ], "texture": "#texture" },
        "up":    { "uv": [ 2, 0.5, 2.5, 1 ], "texture": "#texture" },
        "north": { "uv": [ 2, 0.5, 2.5, 1 ], "texture": "#texture" },
        "south": { "uv": [ 2, 0.5, 2.5, 1 ], "texture": "#texture" },
        "west":  { "uv": [ 2, 0.5, 2.5, 1 ], "texture": "#texture" },
        "east":  { "uv": [ 2, 0.5, 2.5, 1 ], "texture": "#texture" }
    }
},
{
    "from": [ 7, 4, -0.5 ],
    "to": [ 9, 10, 1 ],
    "faces": {
        "down":  { "uv": [ 2, 1, 2.5, 0.5 ], "texture": "#texture" },
        "up":    { "uv": [ 2, 0.5, 2.5, 1 ], "texture": "#texture" },
        "north": { "uv": [ 2, 0.5, 2.5, 1 ], "texture": "#texture" },
        "south": { "uv": [ 2, 0.5, 2.5, 1 ], "texture": "#texture" },
        "west":  { "uv": [ 2, 0.5, 2.5, 1 ], "texture": "#texture" },
        "east":  { "uv": [ 2, 0.5, 2.5, 1 ], "texture": "#texture" }
    }
},
{
    "from": [ 5.5, 4.5, -3.5 ],
    "to": [ 10.5, 9.5, -3 ],
    "faces": {
        "down":  { "uv": [ 2, 1, 2.5, 0.5 ], "texture": "#texture" },
        "up":    { "uv": [ 2, 0.5, 2.5, 1 ], "texture": "#texture" },
        "north": { "uv": [ 2, 0.5, 2.5, 1 ], "texture": "#texture" },
        "south": { "uv": [ 2, 0.5, 2.5, 1 ], "texture": "#texture" },
        "west":  { "uv": [ 2, 0.5, 2.5, 1 ], "texture": "#texture" },
        "east":  { "uv": [ 2, 0.5, 2.5, 1 ], "texture": "#texture" }
    }
},
{
    "from": [ 7, 4, -3.5 ],
    "to": [ 9, 10, -3 ],
    "faces": {
        "down":  { "uv": [ 2, 1, 2.5, 0.5 ], "texture": "#texture" },
        "up":    { "uv": [ 2, 0.5, 2.5, 1 ], "texture": "#texture" },
        "north": { "uv": [ 2, 0.5, 2.5, 1 ], "texture": "#texture" },
        "south": { "uv": [ 2, 0.5, 2.5, 1 ], "texture": "#texture" },
        "west":  { "uv": [ 2, 0.5, 2.5, 1 ], "texture": "#texture" },
        "east":  { "uv": [ 2, 0.5, 2.5, 1 ], "texture": "#texture" }
    }
},
{
    "from": [ 5, 6, -3.5 ],
    "to": [ 11, 8, -3 ],
    "faces": {
        "down":  { "uv": [ 2, 1, 2.5, 0.5 ], "texture": "#texture" },
        "up":    { "uv": [ 2, 0.5, 2.5, 1 ], "texture": "#texture" },
        "north": { "uv": [ 2, 0.5, 2.5, 1 ], "texture": "#texture" },
        "south": { "uv": [ 2, 0.5, 2.5, 1 ], "texture": "#texture" },
        "west":  { "uv": [ 2, 0.5, 2.5, 1 ], "texture": "#texture" },
        "east":  { "uv": [ 2, 0.5, 2.5, 1 ], "texture": "#texture" }
    }
},
{
    "from": [ 6, 5, -10 ],
    "to": [ 7, 6, 9.5 ],
    "faces": {
        "down":  { "uv": [ 4, 4, 4.5, 4.5 ], "texture": "#texture" },
        "up":    { "uv": [ 4, 4, 4.5, 4.5 ], "texture": "#texture" },
        "north": { "uv": [ 4, 4, 4.5, 4.5 ], "texture": "#texture" },
        "south": { "uv": [ 4, 4, 4.5, 4.5 ], "texture": "#texture" },
        "west":  { "uv": [ 4, 4, 4.5, 4.5 ], "texture": "#texture" },
        "east":  { "uv": [ 4, 4, 4.5, 4.5 ], "texture": "#texture" }
    }
},
{
    "from": [ 9, 5, -10 ],
    "to": [ 10, 6, 9.5 ],
    "faces": {
        "down":  { "uv": [ 4, 4, 4.5, 4.5 ], "texture": "#texture" },
        "up":    { "uv": [ 4, 4, 4.5, 4.5 ], "texture": "#texture" },
        "north": { "uv": [ 4, 4, 4.5, 4.5 ], "texture": "#texture" },
        "south": { "uv": [ 4, 4, 4.5, 4.5 ], "texture": "#texture" },
        "west":  { "uv": [ 4, 4, 4.5, 4.5 ], "texture": "#texture" },
        "east":  { "uv": [ 4, 4, 4.5, 4.5 ], "texture": "#texture" }
    }
},
{
    "from": [ 9, 8, -10 ],
    "to": [ 10, 9, 9.5 ],
    "faces": {
        "down":  { "uv": [ 4, 4, 4.5, 4.5 ], "texture": "#texture" },
        "up":    { "uv": [ 4, 4, 4.5, 4.5 ], "texture": "#texture" },
        "north": { "uv": [ 4, 4, 4.5, 4.5 ], "texture": "#texture" },
        "south": { "uv": [ 4, 4, 4.5, 4.5 ], "texture": "#texture" },
        "west":  { "uv": [ 4, 4, 4.5, 4.5 ], "texture": "#texture" },
        "east":  { "uv": [ 4, 4, 4.5, 4.5 ], "texture": "#texture" }
    }
},
{
    "from": [ 5.5, 6.5, -10 ],
    "to": [ 6.5, 7.5, 9.5 ],
    "faces": {
        "down":  { "uv": [ 4, 4, 4.5, 4.5 ], "texture": "#texture" },
        "up":    { "uv": [ 4, 4, 4.5, 4.5 ], "texture": "#texture" },
        "north": { "uv": [ 4, 4, 4.5, 4.5 ], "texture": "#texture" },
        "south": { "uv": [ 4, 4, 4.5, 4.5 ], "texture": "#texture" },
        "west":  { "uv": [ 4, 4, 4.5, 4.5 ], "texture": "#texture" },
        "east":  { "uv": [ 4, 4, 4.5, 4.5 ], "texture": "#texture" }
    }
},
{
    "from": [ 7.5, 4.5, -10 ],
    "to": [ 8.5, 5.5, 9.5 ],
    "faces": {
        "down":  { "uv": [ 4, 4, 4.5, 4.5 ], "texture": "#texture" },
        "up":    { "uv": [ 4, 4, 4.5, 4.5 ], "texture": "#texture" },
        "north": { "uv": [ 4, 4, 4.5, 4.5 ], "texture": "#texture" },
        "south": { "uv": [ 4, 4, 4.5, 4.5 ], "texture": "#texture" },
        "west":  { "uv": [ 4, 4, 4.5, 4.5 ], "texture": "#texture" },
        "east":  { "uv": [ 4, 4, 4.5, 4.5 ], "texture": "#texture" }
    }
},
{
    "from": [ 9.5, 6.5, -10 ],
    "to": [ 10.5, 7.5, 9.5 ],
    "faces": {
        "down":  { "uv": [ 4, 4, 4.5, 4.5 ], "texture": "#texture" },
        "up":    { "uv": [ 4, 4, 4.5, 4.5 ], "texture": "#texture" },
        "north": { "uv": [ 4, 4, 4.5, 4.5 ], "texture": "#texture" },
        "south": { "uv": [ 4, 4, 4.5, 4.5 ], "texture": "#texture" },
        "west":  { "uv": [ 4, 4, 4.5, 4.5 ], "texture": "#texture" },
        "east":  { "uv": [ 4, 4, 4.5, 4.5 ], "texture": "#texture" }
    }
},
{
    "from": [ 7.5, 8.5, -10 ],
    "to": [ 8.5, 9.5, 9.5 ],
    "faces": {
        "down":  { "uv": [ 4, 4, 4.5, 4.5 ], "texture": "#texture" },
        "up":    { "uv": [ 4, 4, 4.5, 4.5 ], "texture": "#texture" },
        "north": { "uv": [ 4, 4, 4.5, 4.5 ], "texture": "#texture" },
        "south": { "uv": [ 4, 4, 4.5, 4.5 ], "texture": "#texture" },
        "west":  { "uv": [ 4, 4, 4.5, 4.5 ], "texture": "#texture" },
        "east":  { "uv": [ 4, 4, 4.5, 4.5 ], "texture": "#texture" }
    }
},
{
    "from": [ 6, 8, -10 ],
    "to": [ 7, 9, 9.5 ],
    "faces": {
        "down":  { "uv": [ 4, 4, 4.5, 4.5 ], "texture": "#texture" },
        "up":    { "uv": [ 4, 4, 4.5, 4.5 ], "texture": "#texture" },
        "north": { "uv": [ 4, 4, 4.5, 4.5 ], "texture": "#texture" },
        "south": { "uv": [ 4, 4, 4.5, 4.5 ], "texture": "#texture" },
        "west":  { "uv": [ 4, 4, 4.5, 4.5 ], "texture": "#texture" },
        "east":  { "uv": [ 4, 4, 4.5, 4.5 ], "texture": "#texture" }
    }
}
],
"display": {
    "thirdperson": {
        "rotation": [ 27, 0, 180 ],
        "translation": [ 0, 3.2, -2.1 ],
        "scale": [ 0.9, 0.9, 0.9 ]
    },
    "head": {
        "rotation": [ 0, 0, 0 ],
        "translation": [ 0, 0, 0 ],
        "scale": [ 0, 0, 0 ]
    },
    "ground": {
        "rotation": [ 0, 0, 0 ],
        "translation": [ 0, 0, 0 ],
        "scale": [ 2, 2, 2 ]
    },
    "fixed": {
        "rotation": [ 0, -90, 0 ],
        "translation": [ 0, 0, 0 ],
        "scale": [ 1, 1, 1 ]
    },
    "firstperson": {
        "rotation": [ 0, -41, 0 ],
        "translation": [ -4.3, 3.3, -1.8 ],
        "scale": [ 1, 1, 1 ]
    },
    "gui": {
        "rotation": [ 0, 170, 0 ],
        "translation": [ 0, 0, 0 ],
        "scale": [ 1, 1, 1 ]
    }
}
}