{
"__comment": "Designed by Colacinema with BDcraft Cubik PRO 0.95 Beta - http://bdcraft.net",
"textures": {
    "black": "blocks/wool_colored_black",
    "stone": "blocks/stone",
    "wool_colored_silver": "blocks/wool_colored_silver",
    "hardened_clay_stained_lime": "blocks/hardened_clay_stained_lime",
    "green": "blocks/hardened_clay_stained_green",
    "wool_colored_yellow": "blocks/wool_colored_yellow",
    "wool_colored_orange": "blocks/wool_colored_orange",
    "wool_colored_gray": "blocks/wool_colored_gray"
},
"elements": [ 
{
    "__comment": "stone",
    "from": [ -9, 8, 8 ],
    "to": [ 1, 9, 9 ],
    "faces": {
        "down":  { "uv": [ 0, 8, 10, 9 ], "texture": "#stone" },
        "up":    { "uv": [ 0, 8, 10, 9 ], "texture": "#stone" },
        "north": { "uv": [ 0, 7, 10, 8 ], "texture": "#stone" },
        "south": { "uv": [ 0, 7, 10, 8 ], "texture": "#stone" },
        "west":  { "uv": [ 8, 7, 9, 8 ], "texture": "#stone" },
        "east":  { "uv": [ 8, 7, 9, 8 ], "texture": "#stone" }
    }
},
{
    "from": [ -8, 9, 8 ],
    "to": [ -7, 12, 9 ],
    "faces": {
        "down":  { "uv": [ -8, 8, -7, 9 ], "texture": "#stone" },
        "up":    { "uv": [ 0, 8, 1, 9 ], "texture": "#stone" },
        "north": { "uv": [ 0, 4, 1, 7 ], "texture": "#stone" },
        "south": { "uv": [ 0, 4, 1, 7 ], "texture": "#stone" },
        "west":  { "uv": [ 8, 4, 9, 7 ], "texture": "#stone" },
        "east":  { "uv": [ 8, 4, 9, 7 ], "texture": "#stone" }
    }
},
{
    "from": [ -5, 7, 8 ],
    "to": [ 0, 8, 9 ],
    "faces": {
        "down":  { "uv": [ 0, 8, 5, 9 ], "texture": "#stone" },
        "up":    { "uv": [ 0, 8, 5, 9 ], "texture": "#stone" },
        "north": { "uv": [ 0, 8, 5, 9 ], "texture": "#stone" },
        "south": { "uv": [ 0, 8, 5, 9 ], "texture": "#stone" },
        "west":  { "uv": [ 0, 0, 1, 1 ], "texture": "#stone" },
        "east":  { "uv": [ 0, 0, 1, 1 ], "texture": "#stone" }
    }
},
{
    "__comment": "wool_colored_silver",
    "from": [ -4, 9, 8 ],
    "to": [ -3, 10, 9 ],
    "faces": {
        "down":  { "uv": [ 0, 0, 1, 1 ], "texture": "#wool_colored_silver" },
        "up":    { "uv": [ 0, 0, 1, 1 ], "texture": "#wool_colored_silver" },
        "north": { "uv": [ 0, 0, 1, 1 ], "texture": "#wool_colored_silver" },
        "south": { "uv": [ 0, 0, 1, 1 ], "texture": "#wool_colored_silver" },
        "west":  { "uv": [ 0, 0, 1, 1 ], "texture": "#wool_colored_silver" },
        "east":  { "uv": [ 0, 0, 1, 1 ], "texture": "#wool_colored_silver" }
    }
},
{
    "__comment": "wool_colored_silver",
    "from": [ -3, 10, 8 ],
    "to": [ 5, 11, 9 ],
    "faces": {
        "down":  { "uv": [ 0, 8, 8, 9 ], "texture": "#wool_colored_silver" },
        "up":    { "uv": [ 0, 8, 8, 9 ], "texture": "#wool_colored_silver" },
        "north": { "uv": [ 0, 5, 8, 6 ], "texture": "#wool_colored_silver" },
        "south": { "uv": [ 0, 5, 8, 6 ], "texture": "#wool_colored_silver" },
        "west":  { "uv": [ 8, 5, 9, 6 ], "texture": "#wool_colored_silver" },
        "east":  { "uv": [ 8, 5, 9, 6 ], "texture": "#wool_colored_silver" }
    }
},
{
    "__comment": "wool_colored_gray",
    "from": [ 0, 7, 9 ],
    "to": [ 20, 8, 10 ],
    "faces": {
        "down":  { "uv": [ 0, 9, 16, 10 ], "texture": "#wool_colored_gray" },
        "up":    { "uv": [ 0, 9, 16, 10 ], "texture": "#wool_colored_gray" },
        "north": { "uv": [ 0, 8, 16, 9 ], "texture": "#wool_colored_gray" },
        "south": { "uv": [ 0, 8, 16, 9 ], "texture": "#wool_colored_gray" },
        "west":  { "uv": [ 9, 8, 10, 9 ], "texture": "#wool_colored_gray" },
        "east":  { "uv": [ 9, 8, 10, 9 ], "texture": "#wool_colored_gray" }
    }
},
{
    "__comment": "wool_colored_gray",
    "from": [ 0, 7, 7 ],
    "to": [ 20, 8, 8 ],
    "faces": {
        "down":  { "uv": [ 16, 8, 0, 7 ], "texture": "#wool_colored_gray" },
        "up":    { "uv": [ 0, 7, 16, 8 ], "texture": "#wool_colored_gray" },
        "north": { "uv": [ 0, 8, 16, 9 ], "texture": "#wool_colored_gray" },
        "south": { "uv": [ 0, 8, 16, 9 ], "texture": "#wool_colored_gray" },
        "west":  { "uv": [ 7, 8, 8, 9 ], "texture": "#wool_colored_gray" },
        "east":  { "uv": [ 8, 8, 9, 9 ], "texture": "#wool_colored_gray" }
    }
},
{
    "__comment": "wool_colored_gray",
    "from": [ -1, 8, 7 ],
    "to": [ 19, 9, 8 ],
    "faces": {
        "down":  { "uv": [ 16, 8, 0, 7 ], "texture": "#wool_colored_gray" },
        "up":    { "uv": [ 0, 7, 16, 8 ], "texture": "#wool_colored_gray" },
        "north": { "uv": [ 0, 7, 16, 8 ], "texture": "#wool_colored_gray" },
        "south": { "uv": [ 0, 7, 16, 8 ], "texture": "#wool_colored_gray" },
        "west":  { "uv": [ 7, 7, 8, 8 ], "texture": "#wool_colored_gray" },
        "east":  { "uv": [ 8, 7, 9, 8 ], "texture": "#wool_colored_gray" }
    }
},
{
    "__comment": "wool_colored_gray",
    "from": [ -1, 8, 9 ],
    "to": [ 19, 9, 10 ],
    "faces": {
        "down":  { "uv": [ 16, 10, 0, 9 ], "texture": "#wool_colored_gray" },
        "up":    { "uv": [ 0, 9, 16, 10 ], "texture": "#wool_colored_gray" },
        "north": { "uv": [ 0, 7, 16, 8 ], "texture": "#wool_colored_gray" },
        "south": { "uv": [ 0, 7, 16, 8 ], "texture": "#wool_colored_gray" },
        "west":  { "uv": [ 9, 7, 10, 8 ], "texture": "#wool_colored_gray" },
        "east":  { "uv": [ 6, 7, 7, 8 ], "texture": "#wool_colored_gray" }
    }
},
{
    "__comment": "stone",
    "from": [ 0, 9, 8 ],
    "to": [ 1, 10, 9 ],
    "faces": {
        "down":  { "uv": [ 0, 8, 1, 9 ], "texture": "#stone" },
        "up":    { "uv": [ 0, 8, 1, 9 ], "texture": "#stone" },
        "north": { "uv": [ 0, 6, 1, 7 ], "texture": "#stone" },
        "south": { "uv": [ 0, 6, 1, 7 ], "texture": "#stone" },
        "west":  { "uv": [ 8, 6, 9, 7 ], "texture": "#stone" },
        "east":  { "uv": [ 8, 6, 9, 7 ], "texture": "#stone" }
    }
},
{
    "__comment": "wool_colored_gray",
    "from": [ 4, 9, 7 ],
    "to": [ 18, 10, 10 ],
    "faces": {
        "down":  { "uv": [ 4, 7, 16, 10 ], "texture": "#wool_colored_gray" },
        "up":    { "uv": [ 4, 7, 16, 10 ], "texture": "#wool_colored_gray" },
        "north": { "uv": [ 4, 6, 16, 7 ], "texture": "#wool_colored_gray" },
        "south": { "uv": [ 4, 6, 16, 7 ], "texture": "#wool_colored_gray" },
        "west":  { "uv": [ 7, 6, 10, 7 ], "texture": "#wool_colored_gray" },
        "east":  { "uv": [ 7, 6, 10, 7 ], "texture": "#wool_colored_gray" }
    }
},
{
    "__comment": "wool_colored_gray",
    "from": [ 5, 10, 7 ],
    "to": [ 13, 11, 10 ],
    "faces": {
        "down":  { "uv": [ 5, 7, 13, 10 ], "texture": "#wool_colored_gray" },
        "up":    { "uv": [ 5, 7, 13, 10 ], "texture": "#wool_colored_gray" },
        "north": { "uv": [ 5, 5, 13, 6 ], "texture": "#wool_colored_gray" },
        "south": { "uv": [ 5, 5, 13, 6 ], "texture": "#wool_colored_gray" },
        "west":  { "uv": [ 7, 5, 10, 6 ], "texture": "#wool_colored_gray" },
        "east":  { "uv": [ 7, 5, 10, 6 ], "texture": "#wool_colored_gray" }
    }
},
{
    "__comment": "wool_colored_gray",
    "from": [ 13, 10, 8 ],
    "to": [ 15, 11, 9 ],
    "faces": {
        "down":  { "uv": [ 3, 9, 1, 8 ], "texture": "#wool_colored_gray" },
        "up":    { "uv": [ 13, 8, 15, 9 ], "texture": "#wool_colored_gray" },
        "north": { "uv": [ 1, 5, 3, 6 ], "texture": "#wool_colored_gray" },
        "south": { "uv": [ 13, 5, 15, 6 ], "texture": "#wool_colored_gray" },
        "west":  { "uv": [ 8, 5, 9, 6 ], "texture": "#wool_colored_gray" },
        "east":  { "uv": [ 7, 5, 8, 6 ], "texture": "#wool_colored_gray" }
    }
},
{
    "__comment": "stone",
    "from": [ 12, 11, 8 ],
    "to": [ 13, 12, 9 ],
    "faces": {
        "down":  { "uv": [ 12, 8, 13, 9 ], "texture": "#stone" },
        "up":    { "uv": [ 12, 8, 13, 9 ], "texture": "#stone" },
        "north": { "uv": [ 12, 4, 13, 5 ], "texture": "#stone" },
        "south": { "uv": [ 12, 4, 13, 5 ], "texture": "#stone" },
        "west":  { "uv": [ 8, 4, 9, 5 ], "texture": "#stone" },
        "east":  { "uv": [ 8, 4, 9, 5 ], "texture": "#stone" }
    }
},
{
    "__comment": "wool_colored_gray",
    "from": [ 18, 9, 8 ],
    "to": [ 19, 10, 9 ],
    "faces": {
        "down":  { "uv": [ 0, 0, 1, 1 ], "texture": "#wool_colored_gray" },
        "up":    { "uv": [ 0, 0, 1, 1 ], "texture": "#wool_colored_gray" },
        "north": { "uv": [ 0, 0, 1, 1 ], "texture": "#wool_colored_gray" },
        "south": { "uv": [ 0, 0, 1, 1 ], "texture": "#wool_colored_gray" },
        "west":  { "uv": [ 0, 0, 1, 1 ], "texture": "#wool_colored_gray" },
        "east":  { "uv": [ 0, 0, 1, 1 ], "texture": "#wool_colored_gray" }
    }
},
{
    "__comment": "stone",
    "from": [ 12, 4, 8 ],
    "to": [ 13, 7, 9 ],
    "faces": {
        "down":  { "uv": [ 12, 8, 13, 9 ], "texture": "#stone" },
        "up":    { "uv": [ 12, 8, 13, 9 ], "texture": "#stone" },
        "north": { "uv": [ 12, 9, 13, 12 ], "texture": "#stone" },
        "south": { "uv": [ 12, 9, 13, 12 ], "texture": "#stone" },
        "west":  { "uv": [ 8, 9, 9, 12 ], "texture": "#stone" },
        "east":  { "uv": [ 8, 9, 9, 12 ], "texture": "#stone" }
    }
},
{
    "__comment": "stone",
    "from": [ 13, 6, 8 ],
    "to": [ 14, 7, 9 ],
    "faces": {
        "down":  { "uv": [ 13, 8, 14, 9 ], "texture": "#stone" },
        "up":    { "uv": [ 13, 8, 14, 9 ], "texture": "#stone" },
        "north": { "uv": [ 13, 9, 14, 10 ], "texture": "#stone" },
        "south": { "uv": [ 13, 9, 14, 10 ], "texture": "#stone" },
        "west":  { "uv": [ 8, 9, 9, 10 ], "texture": "#stone" },
        "east":  { "uv": [ 8, 9, 9, 10 ], "texture": "#stone" }
    }
},
{
    "__comment": "stone",
    "from": [ 13, 4, 8 ],
    "to": [ 14, 5, 9 ],
    "faces": {
        "down":  { "uv": [ 3, 9, 2, 8 ], "texture": "#stone" },
        "up":    { "uv": [ 13, 8, 14, 9 ], "texture": "#stone" },
        "north": { "uv": [ 2, 11, 3, 12 ], "texture": "#stone" },
        "south": { "uv": [ 13, 11, 14, 12 ], "texture": "#stone" },
        "west":  { "uv": [ 8, 11, 9, 12 ], "texture": "#stone" },
        "east":  { "uv": [ 7, 11, 8, 12 ], "texture": "#stone" }
    }
},
{
    "__comment": "stone",
    "from": [ 14, 3, 8 ],
    "to": [ 15, 7, 9 ],
    "faces": {
        "down":  { "uv": [ 14, 8, 15, 9 ], "texture": "#stone" },
        "up":    { "uv": [ 14, 8, 15, 9 ], "texture": "#stone" },
        "north": { "uv": [ 14, 9, 15, 13 ], "texture": "#stone" },
        "south": { "uv": [ 14, 9, 15, 13 ], "texture": "#stone" },
        "west":  { "uv": [ 8, 9, 9, 13 ], "texture": "#stone" },
        "east":  { "uv": [ 8, 9, 9, 13 ], "texture": "#stone" }
    }
},
{
    "__comment": "stone",
    "from": [ 15, 2, 8 ],
    "to": [ 16, 7, 9 ],
    "faces": {
        "down":  { "uv": [ 15, 8, 16, 9 ], "texture": "#stone" },
        "up":    { "uv": [ 15, 8, 16, 9 ], "texture": "#stone" },
        "north": { "uv": [ 15, 9, 16, 14 ], "texture": "#stone" },
        "south": { "uv": [ 15, 9, 16, 14 ], "texture": "#stone" },
        "west":  { "uv": [ 8, 9, 9, 14 ], "texture": "#stone" },
        "east":  { "uv": [ 8, 9, 9, 14 ], "texture": "#stone" }
    }
},
{
    "__comment": "stone",
    "from": [ 16, 2, 8 ],
    "to": [ 17, 4, 9 ],
    "faces": {
        "down":  { "uv": [ 0, 0, 1, 1 ], "texture": "#stone" },
        "up":    { "uv": [ 0, 0, 1, 1 ], "texture": "#stone" },
        "north": { "uv": [ 4, 4, 5, 6 ], "texture": "#stone" },
        "south": { "uv": [ 3, 4, 4, 6 ], "texture": "#stone" },
        "west":  { "uv": [ 0, 0, 1, 1 ], "texture": "#stone" },
        "east":  { "uv": [ 0, 0, 1, 1 ], "texture": "#stone" }
    }
},
{
    "__comment": "wool_colored_gray",
    "from": [ 8, 6, 8 ],
    "to": [ 10, 7, 9 ],
    "faces": {
        "down":  { "uv": [ 8, 8, 10, 9 ], "texture": "#wool_colored_gray" },
        "up":    { "uv": [ 8, 8, 10, 9 ], "texture": "#wool_colored_gray" },
        "north": { "uv": [ 8, 9, 10, 10 ], "texture": "#wool_colored_gray" },
        "south": { "uv": [ 8, 9, 10, 10 ], "texture": "#wool_colored_gray" },
        "west":  { "uv": [ 8, 9, 9, 10 ], "texture": "#wool_colored_gray" },
        "east":  { "uv": [ 8, 9, 9, 10 ], "texture": "#wool_colored_gray" }
    }
},
{
    "__comment": "black",
    "from": [ 8, 9, 10 ],
    "to": [ 10, 10, 11 ],
    "faces": {
        "down":  { "uv": [ 8, 10, 10, 11 ], "texture": "#black" },
        "up":    { "uv": [ 8, 10, 10, 11 ], "texture": "#black" },
        "north": { "uv": [ 8, 6, 10, 7 ], "texture": "#black" },
        "south": { "uv": [ 8, 6, 10, 7 ], "texture": "#black" },
        "west":  { "uv": [ 10, 6, 11, 7 ], "texture": "#black" },
        "east":  { "uv": [ 10, 6, 11, 7 ], "texture": "#black" }
    }
},
{
    "__comment": "wool_colored_orange",
    "from": [ 8, 8, 10 ],
    "to": [ 9, 9, 11 ],
    "faces": {
        "down":  { "uv": [ 8, 10, 9, 11 ], "texture": "#wool_colored_orange" },
        "up":    { "uv": [ 8, 10, 9, 11 ], "texture": "#wool_colored_orange" },
        "north": { "uv": [ 8, 7, 9, 8 ], "texture": "#wool_colored_orange" },
        "south": { "uv": [ 8, 7, 9, 8 ], "texture": "#wool_colored_orange" },
        "west":  { "uv": [ 10, 7, 11, 8 ], "texture": "#wool_colored_orange" },
        "east":  { "uv": [ 10, 7, 11, 8 ], "texture": "#wool_colored_orange" }
    }
},
{
    "__comment": "wool_colored_yellow",
    "from": [ 9, 8, 10 ],
    "to": [ 10, 9, 11 ],
    "faces": {
        "down":  { "uv": [ 9, 10, 10, 11 ], "texture": "#wool_colored_yellow" },
        "up":    { "uv": [ 9, 10, 10, 11 ], "texture": "#wool_colored_yellow" },
        "north": { "uv": [ 9, 7, 10, 8 ], "texture": "#wool_colored_yellow" },
        "south": { "uv": [ 9, 7, 10, 8 ], "texture": "#wool_colored_yellow" },
        "west":  { "uv": [ 10, 7, 11, 8 ], "texture": "#wool_colored_yellow" },
        "east":  { "uv": [ 10, 7, 11, 8 ], "texture": "#wool_colored_yellow" }
    }
},
{
    "__comment": "wool_colored_yellow",
    "from": [ 9, 7, 11 ],
    "to": [ 10, 8, 12 ],
    "faces": {
        "down":  { "uv": [ 9, 11, 10, 12 ], "texture": "#wool_colored_yellow" },
        "up":    { "uv": [ 9, 11, 10, 12 ], "texture": "#wool_colored_yellow" },
        "north": { "uv": [ 9, 8, 10, 9 ], "texture": "#wool_colored_yellow" },
        "south": { "uv": [ 9, 8, 10, 9 ], "texture": "#wool_colored_yellow" },
        "west":  { "uv": [ 11, 8, 12, 9 ], "texture": "#wool_colored_yellow" },
        "east":  { "uv": [ 11, 8, 12, 9 ], "texture": "#wool_colored_yellow" }
    }
},
{
    "__comment": "wool_colored_orange",
    "from": [ 8, 7, 11 ],
    "to": [ 9, 8, 12 ],
    "faces": {
        "down":  { "uv": [ 8, 11, 9, 12 ], "texture": "#wool_colored_orange" },
        "up":    { "uv": [ 8, 11, 9, 12 ], "texture": "#wool_colored_orange" },
        "north": { "uv": [ 8, 8, 9, 9 ], "texture": "#wool_colored_orange" },
        "south": { "uv": [ 8, 8, 9, 9 ], "texture": "#wool_colored_orange" },
        "west":  { "uv": [ 11, 8, 12, 9 ], "texture": "#wool_colored_orange" },
        "east":  { "uv": [ 11, 8, 12, 9 ], "texture": "#wool_colored_orange" }
    }
},
{
    "__comment": "wool_colored_yellow",
    "from": [ 9, 6, 10 ],
    "to": [ 10, 7, 11 ],
    "faces": {
        "down":  { "uv": [ 7, 11, 6, 10 ], "texture": "#wool_colored_yellow" },
        "up":    { "uv": [ 9, 10, 10, 11 ], "texture": "#wool_colored_yellow" },
        "north": { "uv": [ 6, 9, 7, 10 ], "texture": "#wool_colored_yellow" },
        "south": { "uv": [ 9, 9, 10, 10 ], "texture": "#wool_colored_yellow" },
        "west":  { "uv": [ 10, 9, 11, 10 ], "texture": "#wool_colored_yellow" },
        "east":  { "uv": [ 5, 9, 6, 10 ], "texture": "#wool_colored_yellow" }
    }
},
{
    "__comment": "wool_colored_orange",
    "from": [ 8, 6, 10 ],
    "to": [ 9, 7, 11 ],
    "faces": {
        "down":  { "uv": [ 8, 11, 7, 10 ], "texture": "#wool_colored_orange" },
        "up":    { "uv": [ 8, 10, 9, 11 ], "texture": "#wool_colored_orange" },
        "north": { "uv": [ 7, 9, 8, 10 ], "texture": "#wool_colored_orange" },
        "south": { "uv": [ 8, 9, 9, 10 ], "texture": "#wool_colored_orange" },
        "west":  { "uv": [ 10, 9, 11, 10 ], "texture": "#wool_colored_orange" },
        "east":  { "uv": [ 5, 9, 6, 10 ], "texture": "#wool_colored_orange" }
    }
},
{
    "__comment": "green",
    "from": [ 7, 5, 5 ],
    "to": [ 11, 6, 13 ],
    "faces": {
        "down":  { "uv": [ 7, 5, 11, 13 ], "texture": "#green" },
        "up":    { "uv": [ 7, 5, 11, 13 ], "texture": "#green" },
        "north": { "uv": [ 7, 10, 11, 11 ], "texture": "#green" },
        "south": { "uv": [ 7, 10, 11, 11 ], "texture": "#green" },
        "west":  { "uv": [ 5, 10, 13, 11 ], "texture": "#green" },
        "east":  { "uv": [ 5, 10, 13, 11 ], "texture": "#green" }
    }
},
{
    "__comment": "green",
    "from": [ 8, 4, 12 ],
    "to": [ 10, 5, 13 ],
    "faces": {
        "down":  { "uv": [ 8, 12, 10, 13 ], "texture": "#green" },
        "up":    { "uv": [ 8, 12, 10, 13 ], "texture": "#green" },
        "north": { "uv": [ 8, 11, 10, 12 ], "texture": "#green" },
        "south": { "uv": [ 8, 11, 10, 12 ], "texture": "#green" },
        "west":  { "uv": [ 12, 11, 13, 12 ], "texture": "#green" },
        "east":  { "uv": [ 12, 11, 13, 12 ], "texture": "#green" }
    }
},
{
    "__comment": "hardened_clay_stained_lime",
    "from": [ 7, 2, 12 ],
    "to": [ 8, 5, 13 ],
    "faces": {
        "down":  { "uv": [ 7, 12, 8, 13 ], "texture": "#hardened_clay_stained_lime" },
        "up":    { "uv": [ 7, 12, 8, 13 ], "texture": "#hardened_clay_stained_lime" },
        "north": { "uv": [ 7, 11, 8, 14 ], "texture": "#hardened_clay_stained_lime" },
        "south": { "uv": [ 7, 11, 8, 14 ], "texture": "#hardened_clay_stained_lime" },
        "west":  { "uv": [ 12, 11, 13, 14 ], "texture": "#hardened_clay_stained_lime" },
        "east":  { "uv": [ 12, 11, 13, 14 ], "texture": "#hardened_clay_stained_lime" }
    }
},
{
    "__comment": "hardened_clay_stained_lime",
    "from": [ 10, 2, 12 ],
    "to": [ 11, 5, 13 ],
    "faces": {
        "down":  { "uv": [ 10, 12, 11, 13 ], "texture": "#hardened_clay_stained_lime" },
        "up":    { "uv": [ 10, 12, 11, 13 ], "texture": "#hardened_clay_stained_lime" },
        "north": { "uv": [ 10, 11, 11, 14 ], "texture": "#hardened_clay_stained_lime" },
        "south": { "uv": [ 10, 11, 11, 14 ], "texture": "#hardened_clay_stained_lime" },
        "west":  { "uv": [ 12, 11, 13, 14 ], "texture": "#hardened_clay_stained_lime" },
        "east":  { "uv": [ 12, 11, 13, 14 ], "texture": "#hardened_clay_stained_lime" }
    }
},
{
    "__comment": "hardened_clay_stained_lime",
    "from": [ 8, 2, 12 ],
    "to": [ 10, 4, 13 ],
    "faces": {
        "down":  { "uv": [ 8, 12, 10, 13 ], "texture": "#hardened_clay_stained_lime" },
        "up":    { "uv": [ 8, 12, 10, 13 ], "texture": "#hardened_clay_stained_lime" },
        "north": { "uv": [ 8, 12, 10, 14 ], "texture": "#hardened_clay_stained_lime" },
        "south": { "uv": [ 8, 12, 10, 14 ], "texture": "#hardened_clay_stained_lime" },
        "west":  { "uv": [ 12, 12, 13, 14 ], "texture": "#hardened_clay_stained_lime" },
        "east":  { "uv": [ 12, 12, 13, 14 ], "texture": "#hardened_clay_stained_lime" }
    }
},
{
    "__comment": "hardened_clay_stained_lime",
    "from": [ 7, 2, 5 ],
    "to": [ 8, 5, 12 ],
    "faces": {
        "down":  { "uv": [ 7, 5, 8, 12 ], "texture": "#hardened_clay_stained_lime" },
        "up":    { "uv": [ 7, 5, 8, 12 ], "texture": "#hardened_clay_stained_lime" },
        "north": { "uv": [ 7, 11, 8, 14 ], "texture": "#hardened_clay_stained_lime" },
        "south": { "uv": [ 7, 11, 8, 14 ], "texture": "#hardened_clay_stained_lime" },
        "west":  { "uv": [ 5, 11, 12, 14 ], "texture": "#hardened_clay_stained_lime" },
        "east":  { "uv": [ 5, 11, 12, 14 ], "texture": "#hardened_clay_stained_lime" }
    }
},
{
    "__comment": "hardened_clay_stained_lime",
    "from": [ 10, 2, 5 ],
    "to": [ 11, 5, 12 ],
    "faces": {
        "down":  { "uv": [ 6, 12, 5, 5 ], "texture": "#hardened_clay_stained_lime" },
        "up":    { "uv": [ 10, 5, 11, 12 ], "texture": "#hardened_clay_stained_lime" },
        "north": { "uv": [ 5, 11, 6, 14 ], "texture": "#hardened_clay_stained_lime" },
        "south": { "uv": [ 10, 11, 11, 14 ], "texture": "#hardened_clay_stained_lime" },
        "west":  { "uv": [ 5, 11, 12, 14 ], "texture": "#hardened_clay_stained_lime" },
        "east":  { "uv": [ 4, 11, 11, 14 ], "texture": "#hardened_clay_stained_lime" }
    }
},
{
    "__comment": "hardened_clay_stained_lime",
    "from": [ 8, 2, 5 ],
    "to": [ 10, 5, 6 ],
    "faces": {
        "down":  { "uv": [ 8, 5, 10, 6 ], "texture": "#hardened_clay_stained_lime" },
        "up":    { "uv": [ 8, 5, 10, 6 ], "texture": "#hardened_clay_stained_lime" },
        "north": { "uv": [ 8, 11, 10, 14 ], "texture": "#hardened_clay_stained_lime" },
        "south": { "uv": [ 8, 11, 10, 14 ], "texture": "#hardened_clay_stained_lime" },
        "west":  { "uv": [ 5, 11, 6, 14 ], "texture": "#hardened_clay_stained_lime" },
        "east":  { "uv": [ 5, 11, 6, 14 ], "texture": "#hardened_clay_stained_lime" }
    }
},
{
    "__comment": "hardened_clay_stained_lime",
    "from": [ 8, 2, 6 ],
    "to": [ 10, 3, 12 ],
    "faces": {
        "down":  { "uv": [ 8, 6, 10, 12 ], "texture": "#hardened_clay_stained_lime" },
        "up":    { "uv": [ 8, 6, 10, 12 ], "texture": "#hardened_clay_stained_lime" },
        "north": { "uv": [ 8, 13, 10, 14 ], "texture": "#hardened_clay_stained_lime" },
        "south": { "uv": [ 8, 13, 10, 14 ], "texture": "#hardened_clay_stained_lime" },
        "west":  { "uv": [ 6, 13, 12, 14 ], "texture": "#hardened_clay_stained_lime" },
        "east":  { "uv": [ 6, 13, 12, 14 ], "texture": "#hardened_clay_stained_lime" }
    }
},
{
    "__comment": "wool_colored_gray",
    "from": [ 19, 8, 8 ],
    "to": [ 22, 9, 9 ],
    "faces": {
        "down":  { "uv": [ 0, 0, 3, 1 ], "texture": "#wool_colored_gray" },
        "up":    { "uv": [ 0, 0, 3, 1 ], "texture": "#wool_colored_gray" },
        "north": { "uv": [ 0, 1, 3.5, 2 ], "texture": "#wool_colored_gray" },
        "south": { "uv": [ 0, 1, 3, 2 ], "texture": "#wool_colored_gray" },
        "west":  { "uv": [ 0, 0, 1, 1 ], "texture": "#wool_colored_gray" },
        "east":  { "uv": [ 0, 0, 1, 1 ], "texture": "#wool_colored_gray" }
    }
},
{
    "__comment": "wool_colored_gray",
    "from": [ 20, 7, 8 ],
    "to": [ 23, 8, 9 ],
    "faces": {
        "down":  { "uv": [ 0, 3, 3, 4 ], "texture": "#wool_colored_gray" },
        "up":    { "uv": [ 0, 2, 3, 3 ], "texture": "#wool_colored_gray" },
        "north": { "uv": [ 0, 0, 3.5, 1 ], "texture": "#wool_colored_gray" },
        "south": { "uv": [ 0, 0, 3.5, 1 ], "texture": "#wool_colored_gray" },
        "west":  { "uv": [ 0, 0, 1, 1 ], "texture": "#wool_colored_gray" },
        "east":  { "uv": [ 0, 0, 1, 1 ], "texture": "#wool_colored_gray" }
    }
},
{
    "__comment": "wool_colored_gray",
    "from": [ 21, 6, 8 ],
    "to": [ 26, 7, 9 ],
    "faces": {
        "down":  { "uv": [ 0, 0, 5, 1 ], "texture": "#wool_colored_gray" },
        "up":    { "uv": [ 0, 15, 5, 16 ], "texture": "#wool_colored_gray" },
        "north": { "uv": [ 10.5, 15, 16, 16 ], "texture": "#wool_colored_gray" },
        "south": { "uv": [ 10.5, 15, 16, 16 ], "texture": "#wool_colored_gray" },
        "west":  { "uv": [ 0, 0, 1, 1 ], "texture": "#wool_colored_gray" },
        "east":  { "uv": [ 0, 0, 1, 1 ], "texture": "#wool_colored_gray" }
    }
},
{
    "__comment": "wool_colored_gray",
    "from": [ 22, 5, 8 ],
    "to": [ 24, 6, 9 ],
    "faces": {
        "down":  { "uv": [ 0, 2, 2, 3 ], "texture": "#wool_colored_gray" },
        "up":    { "uv": [ 0, 0, 2, 1 ], "texture": "#wool_colored_gray" },
        "north": { "uv": [ 0, 0, 2, 1 ], "texture": "#wool_colored_gray" },
        "south": { "uv": [ 0, 10, 2, 11 ], "texture": "#wool_colored_gray" },
        "west":  { "uv": [ 0, 0, 1, 1 ], "texture": "#wool_colored_gray" },
        "east":  { "uv": [ 0, 0, 1, 1 ], "texture": "#wool_colored_gray" }
    }
},
{
    "__comment": "wool_colored_gray",
    "from": [ 26, 5, 8 ],
    "to": [ 28, 10, 9 ],
    "faces": {
        "down":  { "uv": [ 0, 0, 1, 1 ], "texture": "#wool_colored_gray" },
        "up":    { "uv": [ 0, 0, 1, 1 ], "texture": "#wool_colored_gray" },
        "north": { "uv": [ 0, 0, 2, 4 ], "texture": "#wool_colored_gray" },
        "south": { "uv": [ 0, 0, 2, 4 ], "texture": "#wool_colored_gray" },
        "west":  { "uv": [ 0, 0, 1, 1 ], "texture": "#wool_colored_gray" },
        "east":  { "uv": [ 0, 0, 1, 1 ], "texture": "#wool_colored_gray" }
    }
},
{
    "__comment": "wool_colored_gray",
    "from": [ 21, 9, 8 ],
    "to": [ 26, 10, 9 ],
    "faces": {
        "down":  { "uv": [ 0, 0, 6, 1 ], "texture": "#wool_colored_gray" },
        "up":    { "uv": [ 0, 0, 6, 1 ], "texture": "#wool_colored_gray" },
        "north": { "uv": [ 0, 0, 6, 1 ], "texture": "#wool_colored_gray" },
        "south": { "uv": [ 0, 0, 6, 1 ], "texture": "#wool_colored_gray" },
        "west":  { "uv": [ 0, 0, 1, 1 ], "texture": "#wool_colored_gray" },
        "east":  { "uv": [ 0, 0, 1, 1 ], "texture": "#wool_colored_gray" }
    }
},
{
    "__comment": "wool_colored_gray",
    "from": [ 0, 7, 8 ],
    "to": [ 12, 8, 9 ],
    "faces": {
        "down":  { "uv": [ 0, 8, 12, 9 ], "texture": "#wool_colored_gray" },
        "up":    { "uv": [ 0, 8, 12, 9 ], "texture": "#wool_colored_gray" },
        "north": { "uv": [ 0, 8, 12, 9 ], "texture": "#wool_colored_gray" },
        "south": { "uv": [ 0, 8, 12, 9 ], "texture": "#wool_colored_gray" },
        "west":  { "uv": [ 8, 8, 9, 9 ], "texture": "#wool_colored_gray" },
        "east":  { "uv": [ 8, 8, 9, 9 ], "texture": "#wool_colored_gray" }
    }
},
{
    "__comment": "wool_colored_gray",
    "from": [ 16, 7, 8 ],
    "to": [ 20, 8, 9 ],
    "faces": {
        "down":  { "uv": [ 0, 0, 5, 1 ], "texture": "#wool_colored_gray" },
        "up":    { "uv": [ 0, 0, 5, 1 ], "texture": "#wool_colored_gray" },
        "north": { "uv": [ 0, 1, 5, 2 ], "texture": "#wool_colored_gray" },
        "south": { "uv": [ 0, 1, 5, 2 ], "texture": "#wool_colored_gray" },
        "west":  { "uv": [ 0, 0, 1, 1 ], "texture": "#wool_colored_gray" },
        "east":  { "uv": [ 0, 0, 1, 1 ], "texture": "#wool_colored_gray" }
    }
},
{
    "__comment": "wool_colored_gray",
    "from": [ 1, 8, 8 ],
    "to": [ 4, 9, 9 ],
    "faces": {
        "down":  { "uv": [ 1, 8, 4, 9 ], "texture": "#wool_colored_gray" },
        "up":    { "uv": [ 1, 8, 4, 9 ], "texture": "#wool_colored_gray" },
        "north": { "uv": [ 1, 7, 4, 8 ], "texture": "#wool_colored_gray" },
        "south": { "uv": [ 1, 7, 4, 8 ], "texture": "#wool_colored_gray" },
        "west":  { "uv": [ 8, 7, 9, 8 ], "texture": "#wool_colored_gray" },
        "east":  { "uv": [ 8, 7, 9, 8 ], "texture": "#wool_colored_gray" }
    }
},
{
    "__comment": "black",
    "from": [ 7, 9, 6 ],
    "to": [ 9, 10, 7 ],
    "faces": {
        "down":  { "uv": [ 7, 6, 9, 7 ], "texture": "#black" },
        "up":    { "uv": [ 7, 6, 9, 7 ], "texture": "#black" },
        "north": { "uv": [ 7, 6, 9, 7 ], "texture": "#black" },
        "south": { "uv": [ 7, 6, 9, 7 ], "texture": "#black" },
        "west":  { "uv": [ 6, 6, 7, 7 ], "texture": "#black" },
        "east":  { "uv": [ 6, 6, 7, 7 ], "texture": "#black" }
    }
},
{
    "__comment": "wool_colored_silver",
    "from": [ 10, 8, 9.625 ],
    "to": [ 16, 9, 10.125 ],
    "faces": {
        "down":  { "uv": [ 2, 1, 3, 2 ], "texture": "#wool_colored_silver" },
        "up":    { "uv": [ 2, 1, 3, 2 ], "texture": "#wool_colored_silver" },
        "north": { "uv": [ 2, 1, 3, 2 ], "texture": "#wool_colored_silver" },
        "south": { "uv": [ 2, 1, 3, 2 ], "texture": "#wool_colored_silver" },
        "west":  { "uv": [ 2, 1, 3, 2 ], "texture": "#wool_colored_silver" },
        "east":  { "uv": [ 2, 1, 3, 2 ], "texture": "#wool_colored_silver" }
    }
},
{
    "__comment": "wool_colored_silver",
    "from": [ 8, 8, 6.875 ],
    "to": [ 16, 9, 7.375 ],
    "faces": {
        "down":  { "uv": [ 2, 1, 3, 2 ], "texture": "#wool_colored_silver" },
        "up":    { "uv": [ 2, 1, 3, 2 ], "texture": "#wool_colored_silver" },
        "north": { "uv": [ 2, 1, 3, 2 ], "texture": "#wool_colored_silver" },
        "south": { "uv": [ 2, 1, 3, 2 ], "texture": "#wool_colored_silver" },
        "west":  { "uv": [ 2, 1, 3, 2 ], "texture": "#wool_colored_silver" },
        "east":  { "uv": [ 2, 1, 3, 2 ], "texture": "#wool_colored_silver" }
    }
}
],
"display": {
    "thirdperson": {
        "rotation": [ 0, 90, -90 ],
        "translation": [ -0.2, 3.5, -2.5 ],
        "scale": [ 0.85, 0.85, 0.85 ]
    },
    "head": {
        "rotation": [ 0, 0, -51 ],
        "translation": [ -1.4, -7.9, 3.2 ],
        "scale": [ 1.2, 1.2, 1.2 ]
    },
    "ground": {
        "rotation": [ 90, 0, 0 ],
        "translation": [ 0, -14.6, 0 ],
        "scale": [ 2.4, 2.4, 2.4 ]
    },
    "fixed": {
        "rotation": [ 0, 0, -34 ],
        "translation": [ 0, 0, -2.2 ],
        "scale": [ 1.2, 1.2, 1.2 ]
    },
    "firstperson": {
        "rotation": [ 0, -140, 1 ],
        "translation": [ -3.1, 5.9, -1.7 ],
        "scale": [ 1.25, 1.25, 1.25 ]
    },
    "gui": {
        "rotation": [ 4, 9, -9 ],
        "translation": [ -1.5, -0.5, 0.5 ],
        "scale": [ 1, 1, 1 ]
    }
}
}