{
"__comment": "Designed by FirecatHD",
"textures": {
    "Grenade": "items/Grenade"
},
"elements": [ 
{
    "from": [ 3.2, 3.4, 3.2 ],
    "to": [ 12.8, 6.4, 12.8 ],
    "faces": {
        "down":  { "uv": [ 8.75, 6.5, 12.75, 7.5 ], "texture": "#Grenade" },
        "north": { "uv": [ 7.25, 6.25, 11.25, 7.5 ], "texture": "#Grenade" },
        "south": { "uv": [ 7.25, 6.25, 11.25, 7.5 ], "texture": "#Grenade" },
        "west":  { "uv": [ 5.5, 6.25, 9.5, 7.5 ], "texture": "#Grenade" },
        "east":  { "uv": [ 5.5, 6.25, 9.5, 7.5 ], "texture": "#Grenade" }
    }
},
{
    "from": [ 3.8, 2.2, 3.8 ],
    "to": [ 12.2, 3.4, 12.2 ],
    "faces": {
        "down":  { "uv": [ 8.75, 6.5, 12.75, 7.5 ], "texture": "#Grenade" },
        "north": { "uv": [ 7.25, 6.25, 11.25, 7.5 ], "texture": "#Grenade" },
        "south": { "uv": [ 7.25, 6.25, 11.25, 7.5 ], "texture": "#Grenade" },
        "west":  { "uv": [ 5.5, 6.25, 9.5, 7.5 ], "texture": "#Grenade" },
        "east":  { "uv": [ 5.5, 6.25, 9.5, 7.5 ], "texture": "#Grenade" }
    }
},
{
    "from": [ 5.6, 12.4, 6.8 ],
    "to": [ 9.2, 16.6, 9.2 ],
    "faces": {
        "down":  { "uv": [ 7.75, 9.5, 8.75, 10.5 ], "texture": "#Grenade" },
        "up":    { "uv": [ 7.75, 9.5, 8.75, 10.5 ], "texture": "#Grenade" },
        "north": { "uv": [ 8, 10.25, 9, 10.75 ], "texture": "#Grenade" },
        "south": { "uv": [ 8, 10.25, 9, 10.75 ], "texture": "#Grenade" },
        "west":  { "uv": [ 7, 9.5, 8, 10 ], "texture": "#Grenade" },
        "east":  { "uv": [ 7, 9.5, 8, 10 ], "texture": "#Grenade" }
    }
},
{
    "from": [ 4.4, 10, 4.4 ],
    "to": [ 11.6, 10.6, 11.6 ],
    "faces": {
        "up":    { "uv": [ 8.75, 6.5, 12.75, 7.5 ], "texture": "#Grenade" },
        "north": { "uv": [ 7.25, 6.25, 11.25, 7.5 ], "texture": "#Grenade" },
        "south": { "uv": [ 7.25, 6.25, 11.25, 7.5 ], "texture": "#Grenade" },
        "west":  { "uv": [ 5.5, 6.25, 9.5, 7.5 ], "texture": "#Grenade" },
        "east":  { "uv": [ 5.5, 6.25, 9.5, 7.5 ], "texture": "#Grenade" }
    }
},
{
    "from": [ 3.8, 8.2, 3.8 ],
    "to": [ 12.2, 10, 12.2 ],
    "faces": {
        "up":    { "uv": [ 8.75, 6.5, 12.75, 7.5 ], "texture": "#Grenade" },
        "north": { "uv": [ 7.25, 6.25, 11.25, 7.5 ], "texture": "#Grenade" },
        "south": { "uv": [ 7.25, 6.25, 11.25, 7.5 ], "texture": "#Grenade" },
        "west":  { "uv": [ 5.5, 6.25, 9.5, 7.5 ], "texture": "#Grenade" },
        "east":  { "uv": [ 5.5, 6.25, 9.5, 7.5 ], "texture": "#Grenade" }
    }
},
{
    "from": [ 3.2, 6.4, 3.2 ],
    "to": [ 12.8, 7, 12.8 ],
    "faces": {
        "north": { "uv": [ 7.25, 6.25, 11.25, 7.5 ], "texture": "#Grenade" },
        "south": { "uv": [ 7.25, 6.25, 11.25, 7.5 ], "texture": "#Grenade" },
        "west":  { "uv": [ 5.5, 6.25, 9.5, 7.5 ], "texture": "#Grenade" },
        "east":  { "uv": [ 5.5, 6.25, 9.5, 7.5 ], "texture": "#Grenade" }
    }
},
{
    "from": [ 5, 10.6, 5 ],
    "to": [ 11, 11.2, 11 ],
    "faces": {
        "up":    { "uv": [ 8.75, 6.5, 12.75, 7.5 ], "texture": "#Grenade" },
        "north": { "uv": [ 7.25, 6.25, 11.25, 7.5 ], "texture": "#Grenade" },
        "south": { "uv": [ 7.25, 6.25, 11.25, 7.5 ], "texture": "#Grenade" },
        "west":  { "uv": [ 5.5, 6.25, 9.5, 7.5 ], "texture": "#Grenade" },
        "east":  { "uv": [ 5.5, 6.25, 9.5, 7.5 ], "texture": "#Grenade" }
    }
},
{
    "from": [ 6.8, 11.2, 6.8 ],
    "to": [ 9.2, 12.4, 9.2 ],
    "faces": {
        "north": { "uv": [ 8, 10.25, 9, 10.75 ], "texture": "#Grenade" },
        "south": { "uv": [ 8, 10.25, 9, 10.75 ], "texture": "#Grenade" },
        "west":  { "uv": [ 7, 9.5, 8, 10 ], "texture": "#Grenade" },
        "east":  { "uv": [ 7, 9.5, 8, 10 ], "texture": "#Grenade" }
    }
},
{
    "from": [ 4.4, 1.6, 4.4 ],
    "to": [ 11.6, 2.2, 11.6 ],
    "faces": {
        "down":  { "uv": [ 8.75, 6.5, 12.75, 7.5 ], "texture": "#Grenade" },
        "north": { "uv": [ 7.25, 6.25, 11.25, 7.5 ], "texture": "#Grenade" },
        "south": { "uv": [ 7.25, 6.25, 11.25, 7.5 ], "texture": "#Grenade" },
        "west":  { "uv": [ 5.5, 6.25, 9.5, 7.5 ], "texture": "#Grenade" },
        "east":  { "uv": [ 5.5, 6.25, 9.5, 7.5 ], "texture": "#Grenade" }
    }
},
{
    "from": [ 3.2, 7, 3.2 ],
    "to": [ 12.8, 8.2, 12.8 ],
    "faces": {
        "up":    { "uv": [ 7, 13.75, 11.25, 15.75 ], "texture": "#Grenade" },
        "north": { "uv": [ 6.5, 12.75, 10.5, 13.25 ], "texture": "#Grenade" },
        "south": { "uv": [ 6.5, 12.75, 10.5, 13.25 ], "texture": "#Grenade" },
        "west":  { "uv": [ 6.5, 12.5, 10.5, 13 ], "texture": "#Grenade" },
        "east":  { "uv": [ 6.5, 12.5, 10.5, 13 ], "texture": "#Grenade" }
    }
},
{
    "from": [ 5, 1, 5.6 ],
    "to": [ 11, 1.6, 10.4 ],
    "faces": {
        "down":  { "uv": [ 8.75, 6.5, 12.75, 7.5 ], "texture": "#Grenade" },
        "north": { "uv": [ 7.25, 6.25, 11.25, 7.5 ], "texture": "#Grenade" },
        "south": { "uv": [ 7.25, 6.25, 11.25, 7.5 ], "texture": "#Grenade" },
        "west":  { "uv": [ 5.5, 6.25, 9.5, 7.5 ], "texture": "#Grenade" },
        "east":  { "uv": [ 5.5, 6.25, 9.5, 7.5 ], "texture": "#Grenade" }
    }
},
{
    "from": [ 8, 14.8, 7.4 ],
    "to": [ 10.4, 16, 8.6 ],
    "faces": {
        "down":  { "uv": [ 7.75, 9.5, 8.75, 10.5 ], "texture": "#Grenade" },
        "up":    { "uv": [ 7.75, 9.5, 8.75, 10.5 ], "texture": "#Grenade" },
        "north": { "uv": [ 8, 10.25, 9, 10.75 ], "texture": "#Grenade" },
        "south": { "uv": [ 8, 10.25, 9, 10.75 ], "texture": "#Grenade" },
        "west":  { "uv": [ 7, 9.5, 8, 10 ], "texture": "#Grenade" },
        "east":  { "uv": [ 7, 9.5, 8, 10 ], "texture": "#Grenade" }
    }
},
{
    "from": [ 1.4, 1, 7.4 ],
    "to": [ 2.6, 10, 8.6 ],
    "faces": {
        "up":    { "uv": [ 7.75, 9.5, 8.75, 10.5 ], "texture": "#Grenade" },
        "north": { "uv": [ 8, 10.25, 9, 10.75 ], "texture": "#Grenade" },
        "south": { "uv": [ 8, 10.25, 9, 10.75 ], "texture": "#Grenade" },
        "west":  { "uv": [ 7, 9.5, 8, 10 ], "texture": "#Grenade" },
        "east":  { "uv": [ 7, 9.5, 8, 10 ], "texture": "#Grenade" }
    }
},
{
    "from": [ 1.4, -0.2, 7.4 ],
    "to": [ 2.6, 1, 8.6 ],
    "rotation": { "origin": [ 1.4, 1, 7.4 ], "axis": "z", "angle": 45 },
    "faces": {
        "down":  { "uv": [ 7.75, 9.5, 8.75, 10.5 ], "texture": "#Grenade" },
        "north": { "uv": [ 8, 10.25, 9, 10.75 ], "texture": "#Grenade" },
        "south": { "uv": [ 8, 10.25, 9, 10.75 ], "texture": "#Grenade" },
        "west":  { "uv": [ 7, 9.5, 8, 10 ], "texture": "#Grenade" },
        "east":  { "uv": [ 7, 9.5, 8, 10 ], "texture": "#Grenade" }
    }
},
{
    "from": [ 6.8, 7.6, 7.4 ],
    "to": [ 8, 15.4, 8.6 ],
    "rotation": { "origin": [ 6.8, 15.4, 7.4 ], "axis": "z", "angle": -45 },
    "faces": {
        "down":  { "uv": [ 7.75, 9.5, 8.75, 10.5 ], "texture": "#Grenade" },
        "up":    { "uv": [ 7.75, 9.5, 8.75, 10.5 ], "texture": "#Grenade" },
        "north": { "uv": [ 8, 10.25, 9, 10.75 ], "texture": "#Grenade" },
        "south": { "uv": [ 8, 10.25, 9, 10.75 ], "texture": "#Grenade" },
        "west":  { "uv": [ 7, 9.5, 8, 10 ], "texture": "#Grenade" },
        "east":  { "uv": [ 7, 9.5, 8, 10 ], "texture": "#Grenade" }
    }
}
],
"display": {
    "thirdperson": {
        "rotation": [ 57, 89, -102 ],
        "translation": [ 0, 1.3, -2.2 ],
        "scale": [ 0.38, 0.38, 0.38 ]
    },
    "head": {
        "rotation": [ -3, 0, 0 ],
        "translation": [ 0, 4.3, 0 ],
        "scale": [ 1, 1, 1 ]
    },
    "ground": {
        "rotation": [ 0, 0, 0 ],
        "translation": [ 0, -10, 0 ],
        "scale": [ 4, 4, 4 ]
    },
    "fixed": {
        "rotation": [ 0, -40, 0 ],
        "translation": [ -0.8, -0.5, 0.2 ],
        "scale": [ 2, 2, 2 ]
    },
    "firstperson": {
        "rotation": [ -7, -13, -3 ],
        "translation": [ 1.4, 3.5, 2.8 ],
        "scale": [ 0.75, 0.75, 0.75 ]
    },
    "gui": {
        "rotation": [ -9, -180, 1 ],
        "translation": [ 0, 0.5, 0 ],
        "scale": [ 1.3, 1.39, 1.3 ]
    }
}
}