{
"__comment": "Designed by Yofox with BDcraft Cubik PRO 0.96 Beta - http://bdcraft.net",
"textures": {
    "texture": "blocks/coal_block",
    "hardened_clay_stained_cyan": "blocks/hardened_clay_stained_cyan"
},
"elements": [ 
{
    "__comment": "P250",
    "from": [ 6.5, 3.5, 1.5 ],
    "to": [ 9.5, 4, 3 ],
    "faces": {
        "down":  { "uv": [ 9.5, 3, 6.5, 1.5 ], "texture": "#hardened_clay_stained_cyan" },
        "up":    { "uv": [ 6.5, 1.5, 9.5, 3 ], "texture": "#hardened_clay_stained_cyan" },
        "north": { "uv": [ 6.5, 12, 9.5, 12.5 ], "texture": "#hardened_clay_stained_cyan" },
        "south": { "uv": [ 6.5, 12, 9.5, 12.5 ], "texture": "#hardened_clay_stained_cyan" },
        "west":  { "uv": [ 1.5, 12, 3, 12.5 ], "texture": "#hardened_clay_stained_cyan" },
        "east":  { "uv": [ 13, 12, 14.5, 12.5 ], "texture": "#hardened_clay_stained_cyan" }
    }
},
{
    "__comment": "P250",
    "from": [ 6.5, 4, 2 ],
    "to": [ 9.5, 6, 3.5 ],
    "faces": {
        "down":  { "uv": [ 9.5, 3.5, 6.5, 2 ], "texture": "#hardened_clay_stained_cyan" },
        "up":    { "uv": [ 6.5, 2, 9.5, 3.5 ], "texture": "#hardened_clay_stained_cyan" },
        "north": { "uv": [ 6.5, 10, 9.5, 12 ], "texture": "#hardened_clay_stained_cyan" },
        "south": { "uv": [ 6.5, 10, 9.5, 12 ], "texture": "#hardened_clay_stained_cyan" },
        "west":  { "uv": [ 2, 10, 3.5, 12 ], "texture": "#hardened_clay_stained_cyan" },
        "east":  { "uv": [ 12.5, 10, 14, 12 ], "texture": "#hardened_clay_stained_cyan" }
    }
},
{
    "__comment": "P250",
    "from": [ 6.5, 6, 2.5 ],
    "to": [ 9.5, 7.5, 3.5 ],
    "faces": {
        "up":    { "uv": [ 6.5, 2.5, 9.5, 3.5 ], "texture": "#hardened_clay_stained_cyan" },
        "north": { "uv": [ 6.5, 8.5, 9.5, 10 ], "texture": "#hardened_clay_stained_cyan" },
        "south": { "uv": [ 6.5, 8.5, 9.5, 10 ], "texture": "#hardened_clay_stained_cyan" },
        "west":  { "uv": [ 2.5, 8.5, 3.5, 10 ], "texture": "#hardened_clay_stained_cyan" },
        "east":  { "uv": [ 12.5, 8.5, 13.5, 10 ], "texture": "#hardened_clay_stained_cyan" }
    }
},
{
    "__comment": "P250",
    "from": [ 6.5, 7.5, 3 ],
    "to": [ 9.5, 8.5, 4 ],
    "faces": {
        "down":  { "uv": [ 9.5, 4, 6.5, 3 ], "texture": "#hardened_clay_stained_cyan" },
        "up":    { "uv": [ 6.5, 3, 9.5, 4 ], "texture": "#hardened_clay_stained_cyan" },
        "north": { "uv": [ 6.5, 7.5, 9.5, 8.5 ], "texture": "#hardened_clay_stained_cyan" },
        "south": { "uv": [ 6.5, 7.5, 9.5, 8.5 ], "texture": "#hardened_clay_stained_cyan" },
        "west":  { "uv": [ 3, 7.5, 4, 8.5 ], "texture": "#hardened_clay_stained_cyan" },
        "east":  { "uv": [ 12, 7.5, 13, 8.5 ], "texture": "#hardened_clay_stained_cyan" }
    }
},
{
    "__comment": "P250",
    "from": [ 6.5, 6.5, 3.5 ],
    "to": [ 9.5, 7.5, 4 ],
    "faces": {
        "down":  { "uv": [ 9.5, 4, 6.5, 3.5 ], "texture": "#hardened_clay_stained_cyan" },
        "south": { "uv": [ 6.5, 8.5, 9.5, 9.5 ], "texture": "#hardened_clay_stained_cyan" },
        "west":  { "uv": [ 3.5, 8.5, 4, 9.5 ], "texture": "#hardened_clay_stained_cyan" },
        "east":  { "uv": [ 12, 8.5, 12.5, 9.5 ], "texture": "#hardened_clay_stained_cyan" }
    }
},
{
    "__comment": "P250",
    "from": [ 6.5, 10.5, 3.5 ],
    "to": [ 9.5, 11.5, 5 ],
    "faces": {
        "down":  { "uv": [ 9.5, 5, 6.5, 3.5 ], "texture": "#hardened_clay_stained_cyan" },
        "up":    { "uv": [ 6.5, 3.5, 9.5, 5 ], "texture": "#hardened_clay_stained_cyan" },
        "north": { "uv": [ 6.5, 4.5, 9.5, 5.5 ], "texture": "#hardened_clay_stained_cyan" },
        "south": { "uv": [ 6.5, 4.5, 9.5, 5.5 ], "texture": "#hardened_clay_stained_cyan" },
        "west":  { "uv": [ 3.5, 4.5, 5, 5.5 ], "texture": "#hardened_clay_stained_cyan" },
        "east":  { "uv": [ 11, 4.5, 12.5, 5.5 ], "texture": "#hardened_clay_stained_cyan" }
    }
},
{
    "__comment": "P250",
    "from": [ 7, 2.5, 0 ],
    "to": [ 9, 3.5, 5 ],
    "faces": {
        "down":  { "uv": [ 9, 5, 7, 0 ], "texture": "#texture" },
        "up":    { "uv": [ 7, 0, 9, 5 ], "texture": "#texture" },
        "north": { "uv": [ 7, 12.5, 9, 13.5 ], "texture": "#texture", "cullface": "north" },
        "south": { "uv": [ 7, 12.5, 9, 13.5 ], "texture": "#texture" },
        "west":  { "uv": [ 0, 12.5, 5, 13.5 ], "texture": "#texture" },
        "east":  { "uv": [ 11, 12.5, 16, 13.5 ], "texture": "#texture" }
    }
},
{
    "__comment": "P250",
    "from": [ 7, 10, 0 ],
    "to": [ 9, 10.5, 16 ],
    "faces": {
        "down":  { "uv": [ 9, 16, 7, 0 ], "texture": "#texture" },
        "up":    { "uv": [ 7, 0, 9, 16 ], "texture": "#texture" },
        "north": { "uv": [ 7, 5.5, 9, 6 ], "texture": "#texture", "cullface": "north" },
        "south": { "uv": [ 7, 5.5, 9, 6 ], "texture": "#texture", "cullface": "south" },
        "west":  { "uv": [ 0, 5.5, 16, 6 ], "texture": "#texture" },
        "east":  { "uv": [ 0, 5.5, 16, 6 ], "texture": "#texture" }
    }
},
{
    "__comment": "P250",
    "from": [ 7, 3.5, 0.5 ],
    "to": [ 9, 6, 1.5 ],
    "faces": {
        "up":    { "uv": [ 7, 0.5, 9, 1.5 ], "texture": "#texture" },
        "north": { "uv": [ 7, 10, 9, 12.5 ], "texture": "#texture" },
        "south": { "uv": [ 7, 10, 9, 12.5 ], "texture": "#texture" },
        "west":  { "uv": [ 0.5, 10, 1.5, 12.5 ], "texture": "#texture" },
        "east":  { "uv": [ 14.5, 10, 15.5, 12.5 ], "texture": "#texture" }
    }
},
{
    "__comment": "P250",
    "from": [ 7, 10.5, 0.5 ],
    "to": [ 9, 11, 3.5 ],
    "faces": {
        "up":    { "uv": [ 7, 0.5, 9, 3.5 ], "texture": "#texture" },
        "north": { "uv": [ 7, 5, 9, 5.5 ], "texture": "#texture" },
        "west":  { "uv": [ 0.5, 5, 3.5, 5.5 ], "texture": "#texture" },
        "east":  { "uv": [ 12.5, 5, 15.5, 5.5 ], "texture": "#texture" }
    }
},
{
    "__comment": "P250",
    "from": [ 7, 6, 1 ],
    "to": [ 9, 7, 2.5 ],
    "faces": {
        "down":  { "uv": [ 9, 2.5, 7, 1 ], "texture": "#texture" },
        "up":    { "uv": [ 7, 1, 9, 2.5 ], "texture": "#texture" },
        "north": { "uv": [ 7, 9, 9, 10 ], "texture": "#texture" },
        "west":  { "uv": [ 1, 9, 2.5, 10 ], "texture": "#texture" },
        "east":  { "uv": [ 13.5, 9, 15, 10 ], "texture": "#texture" }
    }
},
{
    "__comment": "P250",
    "from": [ 7, 9.5, 1 ],
    "to": [ 9, 10, 16 ],
    "faces": {
        "down":  { "uv": [ 9, 16, 7, 1 ], "texture": "#texture" },
        "north": { "uv": [ 7, 6, 9, 6.5 ], "texture": "#texture" },
        "south": { "uv": [ 7, 6, 9, 6.5 ], "texture": "#texture", "cullface": "south" },
        "west":  { "uv": [ 1, 6, 16, 6.5 ], "texture": "#texture" },
        "east":  { "uv": [ 0, 6, 15, 6.5 ], "texture": "#texture" }
    }
},
{
    "__comment": "P250",
    "from": [ 7, 11, 1 ],
    "to": [ 9, 11.5, 3.5 ],
    "faces": {
        "up":    { "uv": [ 7, 1, 9, 3.5 ], "texture": "#texture" },
        "north": { "uv": [ 7, 4.5, 9, 5 ], "texture": "#texture" },
        "west":  { "uv": [ 1, 4.5, 3.5, 5 ], "texture": "#texture" },
        "east":  { "uv": [ 12.5, 4.5, 15, 5 ], "texture": "#texture" }
    }
},
{
    "__comment": "P250",
    "from": [ 7, 4, 1.5 ],
    "to": [ 9, 6, 2 ],
    "faces": {
        "west":  { "uv": [ 1.5, 10, 2, 12 ], "texture": "#texture" },
        "east":  { "uv": [ 14, 10, 14.5, 12 ], "texture": "#texture" }
    }
},
{
    "__comment": "P250",
    "from": [ 7, 7, 1.5 ],
    "to": [ 9, 9.5, 2.5 ],
    "faces": {
        "north": { "uv": [ 7, 6.5, 9, 9 ], "texture": "#texture" },
        "south": { "uv": [ 7, 6.5, 9, 9 ], "texture": "#texture" },
        "west":  { "uv": [ 1.5, 6.5, 2.5, 9 ], "texture": "#texture" },
        "east":  { "uv": [ 13.5, 6.5, 14.5, 9 ], "texture": "#texture" }
    }
},
{
    "__comment": "P250",
    "from": [ 7, 11.5, 1.5 ],
    "to": [ 9, 13, 16 ],
    "faces": {
        "down":  { "uv": [ 9, 16, 7, 1.5 ], "texture": "#hardened_clay_stained_cyan" },
        "up":    { "uv": [ 7, 1.5, 9, 16 ], "texture": "#hardened_clay_stained_cyan" },
        "north": { "uv": [ 7, 3, 9, 4.5 ], "texture": "#hardened_clay_stained_cyan" },
        "south": { "uv": [ 7, 3, 9, 4.5 ], "texture": "#hardened_clay_stained_cyan", "cullface": "south" },
        "west":  { "uv": [ 1.5, 3, 16, 4.5 ], "texture": "#hardened_clay_stained_cyan" },
        "east":  { "uv": [ 0, 3, 14.5, 4.5 ], "texture": "#hardened_clay_stained_cyan" }
    }
},
{
    "__comment": "P250",
    "from": [ 7, 13, 2 ],
    "to": [ 9, 13.5, 8 ],
    "faces": {
        "up":    { "uv": [ 7, 2, 9, 8 ], "texture": "#hardened_clay_stained_cyan" },
        "north": { "uv": [ 7, 2.5, 9, 3 ], "texture": "#hardened_clay_stained_cyan" },
        "south": { "uv": [ 7, 2.5, 9, 3 ], "texture": "#hardened_clay_stained_cyan", "cullface": "south" },
        "west":  { "uv": [ 2, 2.5, 8, 3 ], "texture": "#hardened_clay_stained_cyan" },
        "east":  { "uv": [ 8, 2.5, 14, 3 ], "texture": "#hardened_clay_stained_cyan" }
    }
},
{
    "__comment": "P250",
    "from": [ 7, 7.5, 2.5 ],
    "to": [ 9, 9.5, 3 ],
    "faces": {
        "south": { "uv": [ 7, 6.5, 9, 8.5 ], "texture": "#texture" },
        "west":  { "uv": [ 2.5, 6.5, 3, 8.5 ], "texture": "#texture" },
        "east":  { "uv": [ 13, 6.5, 13.5, 8.5 ], "texture": "#texture" }
    }
},
{
    "__comment": "P250",
    "from": [ 7, 3.5, 3 ],
    "to": [ 9, 4, 5 ],
    "faces": {
        "up":    { "uv": [ 7, 3, 9, 5 ], "texture": "#texture" },
        "south": { "uv": [ 7, 12, 9, 12.5 ], "texture": "#texture" },
        "west":  { "uv": [ 3, 12, 5, 12.5 ], "texture": "#texture" },
        "east":  { "uv": [ 11, 12, 13, 12.5 ], "texture": "#texture" }
    }
},
{
    "__comment": "P250",
    "from": [ 7, 8.5, 3 ],
    "to": [ 9, 9.5, 6 ],
    "faces": {
        "down":  { "uv": [ 9, 6, 7, 3 ], "texture": "#texture" },
        "south": { "uv": [ 7, 6.5, 9, 7.5 ], "texture": "#texture" },
        "west":  { "uv": [ 3, 6.5, 6, 7.5 ], "texture": "#texture" },
        "east":  { "uv": [ 10, 6.5, 13, 7.5 ], "texture": "#texture" }
    }
},
{
    "__comment": "P250",
    "from": [ 7, 4, 3.5 ],
    "to": [ 9, 6.5, 5 ],
    "faces": {
        "up":    { "uv": [ 7, 3.5, 9, 5 ], "texture": "#texture" },
        "north": { "uv": [ 7, 9.5, 9, 12 ], "texture": "#texture" },
        "south": { "uv": [ 7, 9.5, 9, 12 ], "texture": "#texture" },
        "west":  { "uv": [ 3.5, 9.5, 5, 12 ], "texture": "#texture" },
        "east":  { "uv": [ 11, 9.5, 12.5, 12 ], "texture": "#texture" }
    }
},
{
    "__comment": "P250",
    "from": [ 7, 6.5, 4 ],
    "to": [ 9, 8.5, 6 ],
    "faces": {
        "down":  { "uv": [ 9, 6, 7, 4 ], "texture": "#texture" },
        "north": { "uv": [ 7, 7.5, 9, 9.5 ], "texture": "#texture" },
        "south": { "uv": [ 7, 7.5, 9, 9.5 ], "texture": "#texture" },
        "west":  { "uv": [ 4, 7.5, 6, 9.5 ], "texture": "#texture" },
        "east":  { "uv": [ 10, 7.5, 12, 9.5 ], "texture": "#texture" }
    }
},
{
    "__comment": "P250",
    "from": [ 7, 4.5, 5 ],
    "to": [ 9, 6.5, 5.5 ],
    "faces": {
        "down":  { "uv": [ 9, 5.5, 7, 5 ], "texture": "#texture" },
        "south": { "uv": [ 7, 9.5, 9, 11.5 ], "texture": "#texture" },
        "west":  { "uv": [ 5, 9.5, 5.5, 11.5 ], "texture": "#texture" },
        "east":  { "uv": [ 10.5, 9.5, 11, 11.5 ], "texture": "#texture" }
    }
},
{
    "__comment": "P250",
    "from": [ 7, 10.5, 5 ],
    "to": [ 9, 11.5, 16 ],
    "faces": {
        "south": { "uv": [ 7, 4.5, 9, 5.5 ], "texture": "#texture", "cullface": "south" },
        "west":  { "uv": [ 5, 4.5, 16, 5.5 ], "texture": "#texture" },
        "east":  { "uv": [ 0, 4.5, 11, 5.5 ], "texture": "#texture" }
    }
},
{
    "__comment": "P250",
    "from": [ 7, 7, 6 ],
    "to": [ 9, 7.5, 11 ],
    "faces": {
        "down":  { "uv": [ 9, 11, 7, 6 ], "texture": "#texture" },
        "up":    { "uv": [ 7, 6, 9, 11 ], "texture": "#texture" },
        "south": { "uv": [ 7, 8.5, 9, 9 ], "texture": "#texture" },
        "west":  { "uv": [ 6, 8.5, 11, 9 ], "texture": "#texture" },
        "east":  { "uv": [ 5, 8.5, 10, 9 ], "texture": "#texture" }
    }
},
{
    "__comment": "P250",
    "from": [ 7, 7.5, 6 ],
    "to": [ 9, 8, 7 ],
    "faces": {
        "up":    { "uv": [ 7, 6, 9, 7 ], "texture": "#texture" },
        "south": { "uv": [ 7, 8, 9, 8.5 ], "texture": "#texture" },
        "west":  { "uv": [ 6, 8, 7, 8.5 ], "texture": "#texture" },
        "east":  { "uv": [ 9, 8, 10, 8.5 ], "texture": "#texture" }
    }
},
{
    "__comment": "P250",
    "from": [ 7, 8, 6 ],
    "to": [ 9, 8.5, 6.5 ],
    "faces": {
        "up":    { "uv": [ 7, 6, 9, 6.5 ], "texture": "#texture" },
        "south": { "uv": [ 7, 7.5, 9, 8 ], "texture": "#texture" },
        "west":  { "uv": [ 6, 7.5, 6.5, 8 ], "texture": "#texture" },
        "east":  { "uv": [ 9.5, 7.5, 10, 8 ], "texture": "#texture" }
    }
},
{
    "__comment": "P250",
    "from": [ 7, 9, 6 ],
    "to": [ 9, 9.5, 6.5 ],
    "faces": {
        "down":  { "uv": [ 9, 6.5, 7, 6 ], "texture": "#texture" },
        "south": { "uv": [ 7, 6.5, 9, 7 ], "texture": "#texture" },
        "west":  { "uv": [ 6, 6.5, 6.5, 7 ], "texture": "#texture" },
        "east":  { "uv": [ 9.5, 6.5, 10, 7 ], "texture": "#texture" }
    }
},
{
    "__comment": "P250",
    "from": [ 7, 7.5, 10 ],
    "to": [ 9, 8, 11 ],
    "faces": {
        "up":    { "uv": [ 7, 10, 9, 11 ], "texture": "#texture" },
        "north": { "uv": [ 7, 8, 9, 8.5 ], "texture": "#texture" },
        "south": { "uv": [ 7, 8, 9, 8.5 ], "texture": "#texture" },
        "west":  { "uv": [ 10, 8, 11, 8.5 ], "texture": "#texture" },
        "east":  { "uv": [ 5, 8, 6, 8.5 ], "texture": "#texture" }
    }
},
{
    "__comment": "P250",
    "from": [ 7, 9, 10 ],
    "to": [ 9, 9.5, 11 ],
    "faces": {
        "down":  { "uv": [ 9, 11, 7, 10 ], "texture": "#texture" },
        "north": { "uv": [ 7, 6.5, 9, 7 ], "texture": "#texture" },
        "south": { "uv": [ 7, 6.5, 9, 7 ], "texture": "#texture" },
        "west":  { "uv": [ 10, 6.5, 11, 7 ], "texture": "#texture" },
        "east":  { "uv": [ 5, 6.5, 6, 7 ], "texture": "#texture" }
    }
},
{
    "__comment": "P250",
    "from": [ 7, 8, 10.5 ],
    "to": [ 9, 9, 11 ],
    "faces": {
        "north": { "uv": [ 7, 7, 9, 8 ], "texture": "#texture" },
        "south": { "uv": [ 7, 7, 9, 8 ], "texture": "#texture" },
        "west":  { "uv": [ 10.5, 7, 11, 8 ], "texture": "#texture" },
        "east":  { "uv": [ 5, 7, 5.5, 8 ], "texture": "#texture" }
    }
},
{
    "__comment": "P250",
    "from": [ 7.5, 3.5, 0 ],
    "to": [ 8.5, 5, 0.5 ],
    "faces": {
        "up":    { "uv": [ 7.5, 0, 8.5, 0.5 ], "texture": "#texture" },
        "north": { "uv": [ 7.5, 11, 8.5, 12.5 ], "texture": "#texture", "cullface": "north" },
        "west":  { "uv": [ 0, 11, 0.5, 12.5 ], "texture": "#texture" },
        "east":  { "uv": [ 15.5, 11, 16, 12.5 ], "texture": "#texture" }
    }
},
{
    "__comment": "P250",
    "from": [ 7.5, 6, 0.5 ],
    "to": [ 8.5, 6.5, 1 ],
    "faces": {
        "up":    { "uv": [ 7.5, 0.5, 8.5, 1 ], "texture": "#texture" },
        "north": { "uv": [ 7.5, 9.5, 8.5, 10 ], "texture": "#texture" },
        "west":  { "uv": [ 0.5, 9.5, 1, 10 ], "texture": "#texture" },
        "east":  { "uv": [ 15, 9.5, 15.5, 10 ], "texture": "#texture" }
    }
},
{
    "__comment": "P250",
    "from": [ 7.5, 9.5, 0.5 ],
    "to": [ 8.5, 10, 1 ],
    "faces": {
        "down":  { "uv": [ 8.5, 1, 7.5, 0.5 ], "texture": "#texture" },
        "north": { "uv": [ 7.5, 6, 8.5, 6.5 ], "texture": "#texture" },
        "west":  { "uv": [ 0.5, 6, 1, 6.5 ], "texture": "#texture" },
        "east":  { "uv": [ 15, 6, 15.5, 6.5 ], "texture": "#texture" }
    }
},
{
    "__comment": "P250",
    "from": [ 7.5, 7, 1 ],
    "to": [ 8.5, 7.5, 1.5 ],
    "faces": {
        "up":    { "uv": [ 7.5, 1, 8.5, 1.5 ], "texture": "#texture" },
        "north": { "uv": [ 7.5, 8.5, 8.5, 9 ], "texture": "#texture" },
        "west":  { "uv": [ 1, 8.5, 1.5, 9 ], "texture": "#texture" },
        "east":  { "uv": [ 14.5, 8.5, 15, 9 ], "texture": "#texture" }
    }
},
{
    "__comment": "P250",
    "from": [ 7.5, 4, 5 ],
    "to": [ 8.5, 4.5, 5.5 ],
    "faces": {
        "down":  { "uv": [ 8.5, 5.5, 7.5, 5 ], "texture": "#texture" },
        "south": { "uv": [ 7.5, 11.5, 8.5, 12 ], "texture": "#texture" },
        "west":  { "uv": [ 5, 11.5, 5.5, 12 ], "texture": "#texture" },
        "east":  { "uv": [ 10.5, 11.5, 11, 12 ], "texture": "#texture" }
    }
},
{
    "__comment": "P250",
    "from": [ 7.5, 5.5, 5.5 ],
    "to": [ 8.5, 6.5, 6 ],
    "faces": {
        "down":  { "uv": [ 8.5, 6, 7.5, 5.5 ], "texture": "#texture" },
        "south": { "uv": [ 7.5, 9.5, 8.5, 10.5 ], "texture": "#texture" },
        "west":  { "uv": [ 5.5, 9.5, 6, 10.5 ], "texture": "#texture" },
        "east":  { "uv": [ 10, 9.5, 10.5, 10.5 ], "texture": "#texture" }
    }
},
{
    "__comment": "P250",
    "from": [ 7.5, 8.5, 6 ],
    "to": [ 8.5, 9, 6.5 ],
    "faces": {
        "south": { "uv": [ 7.5, 7, 8.5, 7.5 ], "texture": "#texture" },
        "west":  { "uv": [ 6, 7, 6.5, 7.5 ], "texture": "#texture" },
        "east":  { "uv": [ 9.5, 7, 10, 7.5 ], "texture": "#texture" }
    }
},
{
    "__comment": "P250",
    "from": [ 7.5, 9, 6.5 ],
    "to": [ 8.5, 9.5, 8 ],
    "faces": {
        "down":  { "uv": [ 8.5, 8, 7.5, 6.5 ], "texture": "#hardened_clay_stained_cyan" },
        "south": { "uv": [ 7.5, 6.5, 8.5, 7 ], "texture": "#hardened_clay_stained_cyan" },
        "west":  { "uv": [ 6.5, 6.5, 8, 7 ], "texture": "#hardened_clay_stained_cyan" },
        "east":  { "uv": [ 8, 6.5, 9.5, 7 ], "texture": "#hardened_clay_stained_cyan" }
    }
},
{
    "__comment": "P250",
    "from": [ 7.5, 8, 7 ],
    "to": [ 8.5, 8.5, 8.5 ],
    "faces": {
        "down":  { "uv": [ 8.5, 8.5, 7.5, 7 ], "texture": "#hardened_clay_stained_cyan" },
        "up":    { "uv": [ 7.5, 7, 8.5, 8.5 ], "texture": "#hardened_clay_stained_cyan" },
        "north": { "uv": [ 7.5, 7.5, 8.5, 8 ], "texture": "#hardened_clay_stained_cyan" },
        "south": { "uv": [ 7.5, 7.5, 8.5, 8 ], "texture": "#hardened_clay_stained_cyan" },
        "west":  { "uv": [ 7, 7.5, 8.5, 8 ], "texture": "#hardened_clay_stained_cyan" },
        "east":  { "uv": [ 7.5, 7.5, 9, 8 ], "texture": "#hardened_clay_stained_cyan" }
    }
},
{
    "__comment": "P250",
    "from": [ 7.5, 8.5, 7 ],
    "to": [ 8.5, 9, 8 ],
    "faces": {
        "north": { "uv": [ 7.5, 7, 8.5, 7.5 ], "texture": "#hardened_clay_stained_cyan" },
        "south": { "uv": [ 7.5, 7, 8.5, 7.5 ], "texture": "#hardened_clay_stained_cyan" },
        "west":  { "uv": [ 7, 7, 8, 7.5 ], "texture": "#hardened_clay_stained_cyan" },
        "east":  { "uv": [ 8, 7, 9, 7.5 ], "texture": "#hardened_clay_stained_cyan" }
    }
},
{
    "__comment": "P250",
    "from": [ 7.5, 7.5, 7.5 ],
    "to": [ 8.5, 8, 9 ],
    "faces": {
        "up":    { "uv": [ 7.5, 7.5, 8.5, 9 ], "texture": "#hardened_clay_stained_cyan" },
        "north": { "uv": [ 7.5, 8, 8.5, 8.5 ], "texture": "#hardened_clay_stained_cyan" },
        "south": { "uv": [ 7.5, 8, 8.5, 8.5 ], "texture": "#hardened_clay_stained_cyan" },
        "west":  { "uv": [ 7.5, 8, 9, 8.5 ], "texture": "#hardened_clay_stained_cyan" },
        "east":  { "uv": [ 7, 8, 8.5, 8.5 ], "texture": "#hardened_clay_stained_cyan" }
    }
},
{
    "__comment": "P250",
    "from": [ 6.5, 10.5, 7.5 ],
    "to": [ 9.5, 11.5, 10 ],
    "faces": {
        "down":  { "uv": [ 9.5, 10, 6.5, 7.5 ], "texture": "#hardened_clay_stained_cyan" },
        "up":    { "uv": [ 6.5, 7.5, 9.5, 10 ], "texture": "#hardened_clay_stained_cyan" },
        "north": { "uv": [ 6.5, 4.5, 9.5, 5.5 ], "texture": "#hardened_clay_stained_cyan" },
        "south": { "uv": [ 6.5, 4.5, 9.5, 5.5 ], "texture": "#hardened_clay_stained_cyan" },
        "west":  { "uv": [ 7.5, 4.5, 10, 5.5 ], "texture": "#hardened_clay_stained_cyan" },
        "east":  { "uv": [ 6, 4.5, 8.5, 5.5 ], "texture": "#hardened_clay_stained_cyan" }
    }
},
{
    "__comment": "P250",
    "from": [ 6.5, 10, 9 ],
    "to": [ 9.5, 10.5, 10 ],
    "faces": {
        "down":  { "uv": [ 9.5, 10, 6.5, 9 ], "texture": "#hardened_clay_stained_cyan" },
        "north": { "uv": [ 6.5, 5.5, 9.5, 6 ], "texture": "#hardened_clay_stained_cyan" },
        "south": { "uv": [ 6.5, 5.5, 9.5, 6 ], "texture": "#hardened_clay_stained_cyan" },
        "west":  { "uv": [ 9, 5.5, 10, 6 ], "texture": "#hardened_clay_stained_cyan" },
        "east":  { "uv": [ 6, 5.5, 7, 6 ], "texture": "#hardened_clay_stained_cyan" }
    }
},
{
    "__comment": "P250",
    "from": [ 6.5, 11, 10 ],
    "to": [ 9.5, 11.5, 10.5 ],
    "faces": {
        "down":  { "uv": [ 9.5, 10.5, 6.5, 10 ], "texture": "#hardened_clay_stained_cyan" },
        "up":    { "uv": [ 6.5, 10, 9.5, 10.5 ], "texture": "#hardened_clay_stained_cyan" },
        "south": { "uv": [ 6.5, 4.5, 9.5, 5 ], "texture": "#hardened_clay_stained_cyan" },
        "west":  { "uv": [ 10, 4.5, 10.5, 5 ], "texture": "#hardened_clay_stained_cyan" },
        "east":  { "uv": [ 5.5, 4.5, 6, 5 ], "texture": "#hardened_clay_stained_cyan" }
    }
},
{
    "__comment": "P250*",
    "from": [ 7, 13, 10 ],
    "to": [ 9, 13.5, 16 ],
    "faces": {
        "up":    { "uv": [ 7, 10, 9, 16 ], "texture": "#hardened_clay_stained_cyan" },
        "north": { "uv": [ 7, 2.5, 9, 3 ], "texture": "#hardened_clay_stained_cyan" },
        "south": { "uv": [ 7, 2.5, 9, 3 ], "texture": "#hardened_clay_stained_cyan", "cullface": "south" },
        "west":  { "uv": [ 10, 2.5, 16, 3 ], "texture": "#hardened_clay_stained_cyan" },
        "east":  { "uv": [ 0, 2.5, 6, 3 ], "texture": "#hardened_clay_stained_cyan" }
    }
}
],
"display": {
    "thirdperson": {
        "rotation": [ 260, 0, 0 ],
        "translation": [ -0.54, 2.5, -2.0 ],
        "scale": [ 0.75, 0.75, 0.75 ]
    },
    "thirdperson_lefthand": {
        "rotation": [ 0, 180, 0 ],
        "translation": [ -0.57, -0.94, 0 ],
        "scale": [ 0.75, 0.75, 0.75 ]
    },
    "ground": {
        "rotation": [ 0, 0, 0 ],
        "translation": [ 0, 1.7, 0 ],
        "scale": [ 0.75, 0.75, 0.75 ]
    },
    "fixed": {
        "rotation": [ 0, -90, 0 ],
        "translation": [ 0, 0, -0.38 ],
        "scale": [ 1, 1, 1 ]
    },
    "firstperson": {
        "rotation": [ 0, 130, -10 ],
        "translation": [ -0.75, 2.6, -1.6 ],
        "scale": [ 1.2, 1.2, 1.2 ]
    },
    "firstperson_lefthand": {
        "rotation": [ 9, 180, 0 ],
        "translation": [ 0.94, 0.57, 1.7 ],
        "scale": [ 0.75, 0.75, 0.75 ]
    },
    "gui": {
        "rotation": [ 0, 90, 0 ],
        "translation": [ 0, 0, 0 ],
        "scale": [ 1, 1, 1 ]
    }
}
}