{
"__comment": "Designed by Thelaststraw8 with BDcraft Cubik PRO 0.95 Beta - http://bdcraft.net",
"textures": {
    "texture": "item/Conspiracy"
},
"elements": [ 
{
    "from": [ 2.625, 4.375, 8 ],
    "to": [ 5.5, 4.75, 9 ],
    "faces": {
        "down":  { "uv": [ 13.375, 9, 10.5, 8 ], "texture": "#texture" },
        "up":    { "uv": [ 2.625, 8, 5.5, 9 ], "texture": "#texture" },
        "north": { "uv": [ 10.5, 11.25, 13.375, 11.625 ], "texture": "#texture" },
        "south": { "uv": [ 2.625, 11.25, 5.5, 11.625 ], "texture": "#texture" },
        "west":  { "uv": [ 8, 11.25, 9, 11.625 ], "texture": "#texture" },
        "east":  { "uv": [ 7, 11.25, 8, 11.625 ], "texture": "#texture" }
    }
},
{
    "from": [ 4.875, 4.375, 8 ],
    "to": [ 5.25, 5.125, 9 ],
    "rotation": { "origin": [ 4.875, 5.125, 8 ], "axis": "z", "angle": 22.5 },
    "faces": {
        "down":  { "uv": [ 6, 14.5, 7.125, 15 ], "texture": "#texture" },
        "up":    { "uv": [ 6, 14.5, 7.125, 15 ], "texture": "#texture" },
        "north": { "uv": [ 10.75, 14.5, 13.125, 14.75 ], "texture": "#texture" },
        "south": { "uv": [ 10.75, 14.5, 13.125, 14.75 ], "texture": "#texture" },
        "west":  { "uv": [ 8, 14.75, 9, 15.5 ], "texture": "#texture" },
        "east":  { "uv": [ 8, 14.75, 9, 15.5 ], "texture": "#texture" }
    }
},
{
    "from": [ 2.5, 4.375, 8 ],
    "to": [ 3, 5.75, 9 ],
    "faces": {
        "down":  { "uv": [ 2.375, 14.375, 2.875, 15.375 ], "texture": "#texture" },
        "up":    { "uv": [ 2.375, 14.375, 2.875, 15.375 ], "texture": "#texture" },
        "north": { "uv": [ 13, 14.5, 13.5, 15.875 ], "texture": "#texture" },
        "south": { "uv": [ 13, 14.5, 13.5, 15.875 ], "texture": "#texture" },
        "west":  { "uv": [ 8, 14.625, 9, 16 ], "texture": "#texture" },
        "east":  { "uv": [ 8, 14.625, 9, 16 ], "texture": "#texture" }
    }
},
{
    "from": [ 3, 5.625, 8 ],
    "to": [ 3.5, 7, 9 ],
    "rotation": { "origin": [ 3, 7, 8 ], "axis": "z", "angle": -22.5 },
    "faces": {
        "down":  { "uv": [ 4.5, 14.25, 5, 15.25 ], "texture": "#texture" },
        "up":    { "uv": [ 4.5, 14.25, 5, 15.25 ], "texture": "#texture" },
        "north": { "uv": [ 10.75, 14.25, 11.25, 15.625 ], "texture": "#texture" },
        "south": { "uv": [ 10.75, 14.25, 11.25, 15.625 ], "texture": "#texture" },
        "west":  { "uv": [ 8.875, 14, 9.875, 15.375 ], "texture": "#texture" },
        "east":  { "uv": [ 8.875, 14, 9.875, 15.375 ], "texture": "#texture" }
    }
},
{
    "from": [ 3.375, 6.625, 7.9375 ],
    "to": [ 3.875, 8, 9 ],
    "rotation": { "origin": [ 3.375, 8, 7.9375 ], "axis": "z", "angle": -22.5 },
    "faces": {
        "down":  { "uv": [ 6.875, 14.875, 7.375, 15.9375 ], "texture": "#texture" },
        "up":    { "uv": [ 6.875, 14.875, 7.375, 15.9375 ], "texture": "#texture" },
        "north": { "uv": [ 9.5, 14.375, 10, 15.75 ], "texture": "#texture" },
        "south": { "uv": [ 9.5, 14.375, 10, 15.75 ], "texture": "#texture" },
        "west":  { "uv": [ 7.875, 14.5, 8.9375, 15.875 ], "texture": "#texture" },
        "east":  { "uv": [ 7.875, 14.5, 8.9375, 15.875 ], "texture": "#texture" }
    }
},
{
    "from": [ 3.125, 7.87119, 8.0625 ],
    "to": [ 3.625, 8.74619, 8.9375 ],
    "rotation": { "origin": [ 3.125, 8.74619, 8.0625 ], "axis": "z", "angle": 22.5 },
    "faces": {
        "down":  { "uv": [ 12.875, 8.9375, 12.375, 8.0625 ], "texture": "#texture" },
        "up":    { "uv": [ 3.125, 8.0625, 3.625, 8.9375 ], "texture": "#texture" },
        "north": { "uv": [ 12.375, 7.25381, 12.875, 8.12881 ], "texture": "#texture" },
        "south": { "uv": [ 3.125, 7.25381, 3.625, 8.12881 ], "texture": "#texture" },
        "west":  { "uv": [ 8.0625, 7.25381, 8.9375, 8.12881 ], "texture": "#texture" },
        "east":  { "uv": [ 7.0625, 7.25381, 7.9375, 8.12881 ], "texture": "#texture" }
    }
},
{
    "from": [ 2.625, 8.25, 8 ],
    "to": [ 3.125, 9.125, 9 ],
    "rotation": { "origin": [ 2.625, 9.125, 8 ], "axis": "z", "angle": 45 },
    "faces": {
        "down":  { "uv": [ 13.375, 9, 12.875, 8 ], "texture": "#texture" },
        "up":    { "uv": [ 2.625, 8, 3.125, 9 ], "texture": "#texture" },
        "north": { "uv": [ 12.875, 6.875, 13.375, 7.75 ], "texture": "#texture" },
        "south": { "uv": [ 2.625, 6.875, 3.125, 7.75 ], "texture": "#texture" },
        "west":  { "uv": [ 8, 6.875, 9, 7.75 ], "texture": "#texture" },
        "east":  { "uv": [ 7, 6.875, 8, 7.75 ], "texture": "#texture" }
    }
},
{
    "from": [ 1.75, 9.125, 8.25 ],
    "to": [ 2.75, 9.375, 8.875 ],
    "faces": {
        "down":  { "uv": [ 14.25, 8.875, 13.25, 8.25 ], "texture": "#texture" },
        "up":    { "uv": [ 1.75, 8.25, 2.75, 8.875 ], "texture": "#texture" },
        "north": { "uv": [ 13.25, 6.625, 14.25, 6.875 ], "texture": "#texture" },
        "south": { "uv": [ 1.75, 6.625, 2.75, 6.875 ], "texture": "#texture" },
        "west":  { "uv": [ 8.25, 6.625, 8.875, 6.875 ], "texture": "#texture" },
        "east":  { "uv": [ 7.125, 6.625, 7.75, 6.875 ], "texture": "#texture" }
    }
},
{
    "from": [ 2.625, 9.125, 8 ],
    "to": [ 2.75, 9.5, 9 ],
    "faces": {
        "down":  { "uv": [ 13.375, 9, 13.25, 8 ], "texture": "#texture" },
        "up":    { "uv": [ 2.625, 8, 2.75, 9 ], "texture": "#texture" },
        "north": { "uv": [ 13.25, 6.5, 13.375, 6.875 ], "texture": "#texture" },
        "south": { "uv": [ 2.625, 6.5, 2.75, 6.875 ], "texture": "#texture" },
        "west":  { "uv": [ 8, 6.5, 9, 6.875 ], "texture": "#texture" },
        "east":  { "uv": [ 7, 6.5, 8, 6.875 ], "texture": "#texture" }
    }
},
{
    "from": [ 5.25, 5.125, 8 ],
    "to": [ 5.625, 6.125, 9 ],
    "rotation": { "origin": [ 5.25, 6.125, 8 ], "axis": "z", "angle": -22.5 },
    "faces": {
        "down":  { "uv": [ 6.75, 14.625, 8.125, 15.375 ], "texture": "#texture" },
        "up":    { "uv": [ 6.75, 14.625, 8.125, 15.375 ], "texture": "#texture" },
        "north": { "uv": [ 10.25, 14.125, 11.5, 15 ], "texture": "#texture" },
        "south": { "uv": [ 10.25, 14.125, 11.5, 15 ], "texture": "#texture" },
        "west":  { "uv": [ 8.25, 14.625, 9.25, 15.625 ], "texture": "#texture" },
        "east":  { "uv": [ 8.25, 14.625, 9.25, 15.625 ], "texture": "#texture" }
    }
},
{
    "from": [ 5.1875, 5.875, 8 ],
    "to": [ 5.5625, 7.375, 9 ],
    "faces": {
        "down":  { "uv": [ 6.375, 14.375, 6.75, 15.375 ], "texture": "#texture" },
        "up":    { "uv": [ 6.375, 14.375, 6.75, 15.375 ], "texture": "#texture" },
        "north": { "uv": [ 10.5, 14.375, 10.875, 15.875 ], "texture": "#texture" },
        "south": { "uv": [ 10.5, 14, 10.875, 15.5 ], "texture": "#texture" },
        "west":  { "uv": [ 8, 14.5, 9, 15.75 ], "texture": "#texture" },
        "east":  { "uv": [ 8, 14.5, 9, 15.75 ], "texture": "#texture" }
    }
},
{
    "from": [ 5.5, 7.25, 8 ],
    "to": [ 5.875, 7.875, 9 ],
    "rotation": { "origin": [ 5.5, 7.875, 8 ], "axis": "z", "angle": -45 },
    "faces": {
        "down":  { "uv": [ 5.125, 14.75, 5.875, 15.375 ], "texture": "#texture" },
        "up":    { "uv": [ 5.125, 14.75, 5.875, 15.375 ], "texture": "#texture" },
        "north": { "uv": [ 7.125, 14.125, 8.125, 14.75 ], "texture": "#texture" },
        "south": { "uv": [ 7.125, 14.125, 8.125, 14.75 ], "texture": "#texture" },
        "west":  { "uv": [ 8, 14.5, 9, 15.25 ], "texture": "#texture" },
        "east":  { "uv": [ 8, 14.5, 9, 15.25 ], "texture": "#texture" }
    }
},
{
    "from": [ 6, 7.5, 8 ],
    "to": [ 8, 7.625, 9 ],
    "faces": {
        "down":  { "uv": [ 10, 9, 8, 8 ], "texture": "#texture" },
        "up":    { "uv": [ 6, 8, 8, 9 ], "texture": "#texture" },
        "north": { "uv": [ 8, 8.375, 10, 8.5 ], "texture": "#texture" },
        "south": { "uv": [ 6, 8.375, 8, 8.5 ], "texture": "#texture" },
        "west":  { "uv": [ 8, 8.375, 9, 8.5 ], "texture": "#texture" },
        "east":  { "uv": [ 7, 8.375, 8, 8.5 ], "texture": "#texture" }
    }
},
{
    "from": [ 8, 7.5, 8 ],
    "to": [ 8.25, 8.625, 9 ],
    "faces": {
        "down":  { "uv": [ 8, 9, 7.75, 8 ], "texture": "#texture" },
        "up":    { "uv": [ 8, 8, 8.25, 9 ], "texture": "#texture" },
        "north": { "uv": [ 7.75, 7.375, 8, 8.5 ], "texture": "#texture" },
        "south": { "uv": [ 8, 7.375, 8.25, 8.5 ], "texture": "#texture" },
        "west":  { "uv": [ 8, 7.375, 9, 8.5 ], "texture": "#texture" },
        "east":  { "uv": [ 7, 7.375, 8, 8.5 ], "texture": "#texture" }
    }
},
{
    "from": [ 7.75, 8.625, 8 ],
    "to": [ 8.375, 9.125, 9 ],
    "faces": {
        "down":  { "uv": [ 8.25, 9, 7.625, 8 ], "texture": "#texture" },
        "up":    { "uv": [ 7.75, 8, 8.375, 9 ], "texture": "#texture" },
        "north": { "uv": [ 7.625, 6.875, 8.25, 7.375 ], "texture": "#texture" },
        "south": { "uv": [ 7.75, 6.875, 8.375, 7.375 ], "texture": "#texture" },
        "west":  { "uv": [ 8, 6.875, 9, 7.375 ], "texture": "#texture" },
        "east":  { "uv": [ 7, 6.875, 8, 7.375 ], "texture": "#texture" }
    }
},
{
    "from": [ 6.625, 9.4375, 7.8125 ],
    "to": [ 14.625, 10.25, 9.125 ],
    "faces": {
        "down":  { "uv": [ 9.5, 9.125, 1.375, 8.375 ], "texture": "#texture" },
        "up":    { "uv": [ 6.5, 8.375, 14.625, 9.125 ], "texture": "#texture" },
        "north": { "uv": [ 2.625, 1.625, 10.875, 1.125 ], "texture": "#texture" },
        "south": { "uv": [ 2.625, 1.625, 10.875, 1.125 ], "texture": "#texture" },
        "west":  { "uv": [ 8.375, 5.875, 9.125, 6.625 ], "texture": "#texture" },
        "east":  { "uv": [ 6.875, 5.875, 7.625, 6.625 ], "texture": "#texture" }
    }
},
{
    "from": [ 2.5, 9.25, 8 ],
    "to": [ 3, 10.125, 9 ],
    "rotation": { "origin": [ 2.5, 10.125, 8 ], "axis": "z", "angle": -22.5 },
    "faces": {
        "down":  { "uv": [ 13.5, 9, 13, 8 ], "texture": "#texture" },
        "up":    { "uv": [ 2.5, 8, 3, 9 ], "texture": "#texture" },
        "north": { "uv": [ 13, 5.875, 13.5, 6.75 ], "texture": "#texture" },
        "south": { "uv": [ 2.5, 5.875, 3, 6.75 ], "texture": "#texture" },
        "west":  { "uv": [ 8, 5.875, 9, 6.75 ], "texture": "#texture" },
        "east":  { "uv": [ 7, 5.875, 8, 6.75 ], "texture": "#texture" }
    }
},
{
    "from": [ 3.25, 10.625, 8 ],
    "to": [ 3.625, 11.375, 9 ],
    "rotation": { "origin": [ 3.25, 11.375, 8 ], "axis": "z", "angle": -45 },
    "faces": {
        "down":  { "uv": [ 12.75, 9, 12.375, 8 ], "texture": "#texture" },
        "up":    { "uv": [ 3.25, 8, 3.625, 9 ], "texture": "#texture" },
        "north": { "uv": [ 12.375, 4.625, 12.75, 5.375 ], "texture": "#texture" },
        "south": { "uv": [ 3.25, 4.625, 3.625, 5.375 ], "texture": "#texture" },
        "west":  { "uv": [ 8, 4.625, 9, 5.375 ], "texture": "#texture" },
        "east":  { "uv": [ 7, 4.625, 8, 5.375 ], "texture": "#texture" }
    }
},
{
    "from": [ 3.25, 8.875, 8 ],
    "to": [ 6.25, 11.375, 9 ],
    "faces": {
        "down":  { "uv": [ 12.75, 9, 9.75, 8 ], "texture": "#texture" },
        "up":    { "uv": [ 3.25, 8, 6.25, 9 ], "texture": "#texture" },
        "north": { "uv": [ 0.125, 6.25, 2, 1.625 ], "texture": "#texture" },
        "south": { "uv": [ 0.125, 6.25, 2, 1.625 ], "texture": "#texture" },
        "west":  { "uv": [ 8, 4.625, 9, 7.125 ], "texture": "#texture" },
        "east":  { "uv": [ 7, 4.625, 8, 7.125 ], "texture": "#texture" }
    }
},
{
    "from": [ 2.75, 9.25, 8 ],
    "to": [ 3.25, 11, 9 ],
    "faces": {
        "down":  { "uv": [ 13.25, 9, 12.5, 8 ], "texture": "#texture" },
        "up":    { "uv": [ 2.75, 8, 3.5, 9 ], "texture": "#texture" },
        "north": { "uv": [ 12.5, 5, 13.25, 6.75 ], "texture": "#texture" },
        "south": { "uv": [ 2.75, 5, 3.5, 6.75 ], "texture": "#texture" },
        "west":  { "uv": [ 8, 5, 9, 6.75 ], "texture": "#texture" },
        "east":  { "uv": [ 7, 5, 8, 6.75 ], "texture": "#texture" }
    }
},
{
    "from": [ 6.625, 9.125, 8 ],
    "to": [ 14.625, 9.5, 9 ],
    "faces": {
        "down":  { "uv": [ 9.375, 9, 1.375, 8 ], "texture": "#texture" },
        "up":    { "uv": [ 6.625, 8, 14.625, 9 ], "texture": "#texture" },
        "north": { "uv": [ 1.375, 6.5, 9.375, 6.875 ], "texture": "#texture" },
        "south": { "uv": [ 6.625, 6.5, 14.625, 6.875 ], "texture": "#texture" },
        "west":  { "uv": [ 8, 6.5, 9, 6.875 ], "texture": "#texture" },
        "east":  { "uv": [ 7, 6.5, 8, 6.875 ], "texture": "#texture" }
    }
},
{
    "from": [ 14.375, 9.5, 7.875 ],
    "to": [ 14.75, 10.25, 9.0625 ],
    "rotation": { "origin": [ 14.375, 10.25, 7.875 ], "axis": "z", "angle": -22.5 },
    "faces": {
        "down":  { "uv": [ 1.625, 9.0625, 1.25, 7.875 ], "texture": "#texture" },
        "up":    { "uv": [ 14.375, 7.875, 14.75, 9.0625 ], "texture": "#texture" },
        "north": { "uv": [ 1.25, 5.75, 1.625, 6.5 ], "texture": "#texture" },
        "south": { "uv": [ 14.375, 5.75, 14.75, 6.5 ], "texture": "#texture" },
        "west":  { "uv": [ 7.875, 5.75, 9.0625, 6.5 ], "texture": "#texture" },
        "east":  { "uv": [ 6.9375, 5.75, 8.125, 6.5 ], "texture": "#texture" }
    }
},
{
    "from": [ 8.125, 10.125, 8.25 ],
    "to": [ 14.75, 11, 8.75 ],
    "faces": {
        "down":  { "uv": [ 7.875, 8.75, 1.25, 8.25 ], "texture": "#texture" },
        "up":    { "uv": [ 8.125, 8.25, 14.75, 8.75 ], "texture": "#texture" },
        "north": { "uv": [ 1.25, 5, 7.875, 5.875 ], "texture": "#texture" },
        "south": { "uv": [ 8.125, 5, 14.75, 5.875 ], "texture": "#texture" },
        "west":  { "uv": [ 8.25, 5, 8.75, 5.875 ], "texture": "#texture" },
        "east":  { "uv": [ 7.25, 5, 7.75, 5.875 ], "texture": "#texture" }
    }
},
{
    "from": [ 3, 4.75, 8 ],
    "to": [ 5, 5.75, 9 ],
    "faces": {
        "down":  { "uv": [ 5.75, 14.75, 7.75, 15.75 ], "texture": "#texture" },
        "up":    { "uv": [ 5.75, 14.75, 7.75, 15.75 ], "texture": "#texture" },
        "north": { "uv": [ 9.125, 15, 11.125, 15.875 ], "texture": "#texture" },
        "south": { "uv": [ 9.125, 15, 11.125, 15.875 ], "texture": "#texture" },
        "west":  { "uv": [ 8.125, 14.5, 9.125, 15.5 ], "texture": "#texture" },
        "east":  { "uv": [ 8.125, 14.5, 9.125, 15.5 ], "texture": "#texture" }
    }
},
{
    "from": [ 3.375, 5.625, 8 ],
    "to": [ 5.375, 8, 9 ],
    "faces": {
        "down":  { "uv": [ 11.25, 9.25, 16, 13.625 ], "texture": "#texture" },
        "up":    { "uv": [ 11.25, 9.25, 16, 13.625 ], "texture": "#texture" },
        "north": { "uv": [ 11, 9.125, 16, 14.375 ], "texture": "#texture" },
        "south": { "uv": [ 11, 9.125, 16, 14.375 ], "texture": "#texture" },
        "west":  { "uv": [ 11.125, 9.125, 16, 13.875 ], "texture": "#texture" },
        "east":  { "uv": [ 11.125, 9.125, 16, 13.875 ], "texture": "#texture" }
    }
},
{
    "from": [ 3, 5.625, 8 ],
    "to": [ 3.375, 6.625, 9 ],
    "faces": {
        "down":  { "uv": [ 5.5, 14.625, 5.875, 15.625 ], "texture": "#texture" },
        "up":    { "uv": [ 5.5, 14.625, 5.875, 15.625 ], "texture": "#texture" },
        "north": { "uv": [ 12.375, 14.75, 12.75, 15.75 ], "texture": "#texture" },
        "south": { "uv": [ 12.375, 14.75, 12.75, 15.75 ], "texture": "#texture" },
        "west":  { "uv": [ 8.125, 14.5, 9.125, 15.5 ], "texture": "#texture" },
        "east":  { "uv": [ 8.125, 14.5, 9.125, 15.5 ], "texture": "#texture" }
    }
},
{
    "from": [ 3.875, 7.875, 8 ],
    "to": [ 5.75, 8.875, 9 ],
    "faces": {
        "down":  { "uv": [ 5.75, 14.5, 7.875, 15.5 ], "texture": "#texture" },
        "up":    { "uv": [ 5.75, 14.5, 7.875, 15.5 ], "texture": "#texture" },
        "north": { "uv": [ 8.25, 14.125, 10.375, 15.625 ], "texture": "#texture" },
        "south": { "uv": [ 8.25, 14.125, 10.375, 15.625 ], "texture": "#texture" },
        "west":  { "uv": [ 7.25, 14.5, 8.25, 16 ], "texture": "#texture" },
        "east":  { "uv": [ 7.25, 14.5, 8.25, 16 ], "texture": "#texture" }
    }
},
{
    "from": [ 5.875, 8.5625, 8 ],
    "to": [ 6.125, 9.0625, 9 ],
    "rotation": { "origin": [ 5.875, 9.0625, 8 ], "axis": "z", "angle": -22.5 },
    "faces": {
        "down":  { "uv": [ 10.125, 9, 9.875, 8 ], "texture": "#texture" },
        "up":    { "uv": [ 5.875, 8, 6.125, 9 ], "texture": "#texture" },
        "north": { "uv": [ 9.875, 6.9375, 10.125, 7.4375 ], "texture": "#texture" },
        "south": { "uv": [ 5.875, 6.9375, 6.125, 7.4375 ], "texture": "#texture" },
        "west":  { "uv": [ 8, 6.9375, 9, 7.4375 ], "texture": "#texture" },
        "east":  { "uv": [ 7, 6.9375, 8, 7.4375 ], "texture": "#texture" }
    }
},
{
    "from": [ 5.75, 7.5, 8 ],
    "to": [ 6, 8.625, 9 ],
    "faces": {
        "down":  { "uv": [ 10.25, 9, 10, 8 ], "texture": "#texture" },
        "up":    { "uv": [ 5.75, 8, 6, 9 ], "texture": "#texture" },
        "north": { "uv": [ 10, 7.375, 10.25, 8.5 ], "texture": "#texture" },
        "south": { "uv": [ 5.75, 7.375, 6, 8.5 ], "texture": "#texture" },
        "west":  { "uv": [ 8, 7.375, 9, 8.5 ], "texture": "#texture" },
        "east":  { "uv": [ 7, 7.375, 8, 8.5 ], "texture": "#texture" }
    }
},
{
    "from": [ 6.25, 8.375, 8 ],
    "to": [ 6.625, 9, 9 ],
    "faces": {
        "down":  { "uv": [ 9.75, 9, 9.375, 8 ], "texture": "#texture" },
        "up":    { "uv": [ 6.25, 8, 6.625, 9 ], "texture": "#texture" },
        "north": { "uv": [ 9.375, 7, 9.75, 7.625 ], "texture": "#texture" },
        "south": { "uv": [ 6.25, 7, 6.625, 7.625 ], "texture": "#texture" },
        "west":  { "uv": [ 8, 7, 9, 7.625 ], "texture": "#texture" },
        "east":  { "uv": [ 7, 7, 8, 7.625 ], "texture": "#texture" }
    }
},
{
    "from": [ 6.5, 7.75, 8 ],
    "to": [ 6.625, 8.375, 9 ],
    "rotation": { "origin": [ 6.5, 8.375, 8 ], "axis": "z", "angle": 22.5 },
    "faces": {
        "down":  { "uv": [ 9.5, 9, 9.375, 8 ], "texture": "#texture" },
        "up":    { "uv": [ 6.5, 8, 6.625, 9 ], "texture": "#texture" },
        "north": { "uv": [ 9.375, 7.625, 9.5, 8.25 ], "texture": "#texture" },
        "south": { "uv": [ 6.5, 7.625, 6.625, 8.25 ], "texture": "#texture" },
        "west":  { "uv": [ 8, 7.625, 9, 8.25 ], "texture": "#texture" },
        "east":  { "uv": [ 7, 7.625, 8, 8.25 ], "texture": "#texture" }
    }
},
{
    "from": [ 6.25, 7.75, 8 ],
    "to": [ 6.5, 8.375, 9 ],
    "rotation": { "origin": [ 6.25, 8.375, 8 ], "axis": "z", "angle": 22.5 },
    "faces": {
        "down":  { "uv": [ 9.75, 9, 9.5, 8 ], "texture": "#texture" },
        "up":    { "uv": [ 6.25, 8, 6.5, 9 ], "texture": "#texture" },
        "north": { "uv": [ 9.5, 7.625, 9.75, 8.25 ], "texture": "#texture" },
        "south": { "uv": [ 6.25, 7.625, 6.5, 8.25 ], "texture": "#texture" },
        "west":  { "uv": [ 8, 7.625, 9, 8.25 ], "texture": "#texture" },
        "east":  { "uv": [ 7, 7.625, 8, 8.25 ], "texture": "#texture" }
    }
},
{
    "from": [ 6.5, 7.75, 8 ],
    "to": [ 6.75, 8, 9 ],
    "faces": {
        "down":  { "uv": [ 9.5, 9, 9.25, 8 ], "texture": "#texture" },
        "up":    { "uv": [ 6.5, 8, 6.75, 9 ], "texture": "#texture" },
        "north": { "uv": [ 9.25, 8, 9.5, 8.25 ], "texture": "#texture" },
        "south": { "uv": [ 6.5, 8, 6.75, 8.25 ], "texture": "#texture" },
        "west":  { "uv": [ 8, 8, 9, 8.25 ], "texture": "#texture" },
        "east":  { "uv": [ 7, 8, 8, 8.25 ], "texture": "#texture" }
    }
},
{
    "from": [ 2.25, 10.625, 8.25 ],
    "to": [ 3, 10.75, 8.625 ],
    "rotation": { "origin": [ 2.25, 10.75, 8.25 ], "axis": "z", "angle": 22.5 },
    "faces": {
        "down":  { "uv": [ 13.75, 8.625, 13, 8.25 ], "texture": "#texture" },
        "up":    { "uv": [ 2.25, 8.25, 3, 8.625 ], "texture": "#texture" },
        "north": { "uv": [ 13, 5.25, 13.75, 5.375 ], "texture": "#texture" },
        "south": { "uv": [ 2.25, 5.25, 3, 5.375 ], "texture": "#texture" },
        "west":  { "uv": [ 8.25, 5.25, 8.625, 5.375 ], "texture": "#texture" },
        "east":  { "uv": [ 7.375, 5.25, 7.75, 5.375 ], "texture": "#texture" }
    }
},
{
    "from": [ 2, 10.5, 8.25 ],
    "to": [ 2.75, 10.625, 8.625 ],
    "rotation": { "origin": [ 2, 10.625, 8.25 ], "axis": "z", "angle": -45 },
    "faces": {
        "down":  { "uv": [ 14, 8.625, 13.25, 8.25 ], "texture": "#texture" },
        "up":    { "uv": [ 2, 8.25, 2.75, 8.625 ], "texture": "#texture" },
        "north": { "uv": [ 13.25, 5.375, 14, 5.5 ], "texture": "#texture" },
        "south": { "uv": [ 2, 5.375, 2.75, 5.5 ], "texture": "#texture" },
        "west":  { "uv": [ 8.25, 5.375, 8.625, 5.5 ], "texture": "#texture" },
        "east":  { "uv": [ 7.375, 5.375, 7.75, 5.5 ], "texture": "#texture" }
    }
},
{
    "from": [ 2.0625, 10.375, 8.25 ],
    "to": [ 2.625, 10.625, 8.625 ],
    "faces": {
        "down":  { "uv": [ 13.9375, 8.625, 13.375, 8.25 ], "texture": "#texture" },
        "up":    { "uv": [ 2.0625, 8.25, 2.625, 8.625 ], "texture": "#texture" },
        "north": { "uv": [ 13.375, 5.375, 13.9375, 5.625 ], "texture": "#texture" },
        "south": { "uv": [ 2.0625, 5.375, 2.625, 5.625 ], "texture": "#texture" },
        "west":  { "uv": [ 8.25, 5.375, 8.625, 5.625 ], "texture": "#texture" },
        "east":  { "uv": [ 7.375, 5.375, 7.75, 5.625 ], "texture": "#texture" }
    }
},
{
    "from": [ 2.375, 10.125, 8.25 ],
    "to": [ 3.25, 10.5, 8.625 ],
    "faces": {
        "down":  { "uv": [ 13.625, 8.625, 12.75, 8.25 ], "texture": "#texture" },
        "up":    { "uv": [ 2.375, 8.25, 3.25, 8.625 ], "texture": "#texture" },
        "north": { "uv": [ 12.75, 5.5, 13.625, 5.875 ], "texture": "#texture" },
        "south": { "uv": [ 2.375, 5.5, 3.25, 5.875 ], "texture": "#texture" },
        "west":  { "uv": [ 8.25, 5.5, 8.625, 5.875 ], "texture": "#texture" },
        "east":  { "uv": [ 7.375, 5.5, 7.75, 5.875 ], "texture": "#texture" }
    }
},
{
    "from": [ 2.25, 10.25, 8.25 ],
    "to": [ 2.375, 10.375, 8.625 ],
    "faces": {
        "down":  { "uv": [ 13.75, 8.625, 13.625, 8.25 ], "texture": "#texture" },
        "up":    { "uv": [ 2.25, 8.25, 2.375, 8.625 ], "texture": "#texture" },
        "north": { "uv": [ 13.625, 5.625, 13.75, 5.75 ], "texture": "#texture" },
        "south": { "uv": [ 2.25, 5.625, 2.375, 5.75 ], "texture": "#texture" },
        "west":  { "uv": [ 8.25, 5.625, 8.625, 5.75 ], "texture": "#texture" },
        "east":  { "uv": [ 7.375, 5.625, 7.75, 5.75 ], "texture": "#texture" }
    }
},
{
    "from": [ 2.625, 10.625, 8.25 ],
    "to": [ 2.6875, 10.875, 8.625 ],
    "faces": {
        "down":  { "uv": [ 13.375, 8.625, 13.3125, 8.25 ], "texture": "#texture" },
        "up":    { "uv": [ 2.625, 8.25, 2.6875, 8.625 ], "texture": "#texture" },
        "north": { "uv": [ 13.3125, 5.125, 13.375, 5.375 ], "texture": "#texture" },
        "south": { "uv": [ 2.625, 5.125, 2.6875, 5.375 ], "texture": "#texture" },
        "west":  { "uv": [ 8.25, 5.125, 8.625, 5.375 ], "texture": "#texture" },
        "east":  { "uv": [ 7.375, 5.125, 7.75, 5.375 ], "texture": "#texture" }
    }
},
{
    "from": [ 1.0625, 8.8125, 8.25 ],
    "to": [ 1.8125, 9.0625, 8.875 ],
    "rotation": { "origin": [ 1.0625, 9.0625, 8.25 ], "axis": "z", "angle": 22.5 },
    "faces": {
        "down":  { "uv": [ 14.9375, 8.875, 14.1875, 8.25 ], "texture": "#texture" },
        "up":    { "uv": [ 1.0625, 8.25, 1.8125, 8.875 ], "texture": "#texture" },
        "north": { "uv": [ 14.1875, 6.9375, 14.9375, 7.1875 ], "texture": "#texture" },
        "south": { "uv": [ 1.0625, 6.9375, 1.8125, 7.1875 ], "texture": "#texture" },
        "west":  { "uv": [ 8.25, 6.9375, 8.875, 7.1875 ], "texture": "#texture" },
        "east":  { "uv": [ 7.125, 6.9375, 7.75, 7.1875 ], "texture": "#texture" }
    }
},
{
    "from": [ 7.75, 8.125, 8 ],
    "to": [ 8, 8.625, 9 ],
    "rotation": { "origin": [ 7.75, 8.625, 8 ], "axis": "z", "angle": 45 },
    "faces": {
        "down":  { "uv": [ 8.25, 9, 8, 8 ], "texture": "#texture" },
        "up":    { "uv": [ 7.75, 8, 8, 9 ], "texture": "#texture" },
        "north": { "uv": [ 8, 7.375, 8.25, 7.875 ], "texture": "#texture" },
        "south": { "uv": [ 7.75, 7.375, 8, 7.875 ], "texture": "#texture" },
        "west":  { "uv": [ 8, 7.375, 9, 7.875 ], "texture": "#texture" },
        "east":  { "uv": [ 7, 7.375, 8, 7.875 ], "texture": "#texture" }
    }
},
{
    "from": [ 8.25, 9.919, 8.375 ],
    "to": [ 14.75, 10.919, 8.75 ],
    "rotation": { "origin": [ 8.25, 10.919, 8.375 ], "axis": "x", "angle": -22.5 },
    "faces": {
        "down":  { "uv": [ 7.75, 8.75, 1.25, 8.375 ], "texture": "#texture" },
        "up":    { "uv": [ 8.25, 8.375, 14.75, 8.75 ], "texture": "#texture" },
        "north": { "uv": [ 1.25, 5.081, 7.75, 6.081 ], "texture": "#texture" },
        "south": { "uv": [ 8.25, 5.081, 14.75, 6.081 ], "texture": "#texture" },
        "west":  { "uv": [ 8.375, 5.081, 8.75, 6.081 ], "texture": "#texture" },
        "east":  { "uv": [ 7.25, 5.081, 7.625, 6.081 ], "texture": "#texture" }
    }
},
{
    "from": [ 8.25, 10.0625, 8.19518 ],
    "to": [ 14.75, 11.0625, 8.57018 ],
    "rotation": { "origin": [ 8.25, 11.0625, 8.19518 ], "axis": "x", "angle": 22.5 },
    "faces": {
        "down":  { "uv": [ 7.75, 8.57018, 1.25, 8.19518 ], "texture": "#texture" },
        "up":    { "uv": [ 8.25, 8.19518, 14.75, 8.57018 ], "texture": "#texture" },
        "north": { "uv": [ 1.25, 4.9375, 7.75, 5.9375 ], "texture": "#texture" },
        "south": { "uv": [ 8.25, 4.9375, 14.75, 5.9375 ], "texture": "#texture" },
        "west":  { "uv": [ 8.19518, 4.9375, 8.57018, 5.9375 ], "texture": "#texture" },
        "east":  { "uv": [ 7.42982, 4.9375, 7.80482, 5.9375 ], "texture": "#texture" }
    }
},
{
    "from": [ 6.625, 10.125, 8.75 ],
    "to": [ 8.25, 10.75, 9 ],
    "faces": {
        "down":  { "uv": [ 9.375, 9, 7.75, 8.75 ], "texture": "#texture" },
        "up":    { "uv": [ 6.625, 8.75, 8.25, 9 ], "texture": "#texture" },
        "north": { "uv": [ 7.75, 5.25, 9.375, 5.875 ], "texture": "#texture" },
        "south": { "uv": [ 6.625, 5.25, 8.25, 5.875 ], "texture": "#texture" },
        "west":  { "uv": [ 8.75, 5.25, 9, 5.875 ], "texture": "#texture" },
        "east":  { "uv": [ 7, 5.25, 7.25, 5.875 ], "texture": "#texture" }
    }
},
{
    "from": [ 6.625, 10.125, 8 ],
    "to": [ 8.25, 10.75, 8.25 ],
    "faces": {
        "down":  { "uv": [ 9.375, 8.25, 7.75, 8 ], "texture": "#texture" },
        "up":    { "uv": [ 6.625, 8, 8.25, 8.25 ], "texture": "#texture" },
        "north": { "uv": [ 7.75, 5.25, 9.375, 5.875 ], "texture": "#texture" },
        "south": { "uv": [ 6.625, 5.25, 8.25, 5.875 ], "texture": "#texture" },
        "west":  { "uv": [ 8, 5.25, 8.25, 5.875 ], "texture": "#texture" },
        "east":  { "uv": [ 7.75, 5.25, 8, 5.875 ], "texture": "#texture" }
    }
},
{
    "from": [ 6.5625, 10.625, 8.5625 ],
    "to": [ 8.1875, 11.125, 8.8125 ],
    "rotation": { "origin": [ 6.5625, 11.125, 8.5625 ], "axis": "x", "angle": -22.5 },
    "faces": {
        "down":  { "uv": [ 9.4375, 8.8125, 7.8125, 8.5625 ], "texture": "#texture" },
        "up":    { "uv": [ 6.5625, 8.5625, 8.1875, 8.8125 ], "texture": "#texture" },
        "north": { "uv": [ 7.8125, 4.875, 9.4375, 5.375 ], "texture": "#texture" },
        "south": { "uv": [ 6.5625, 4.875, 8.1875, 5.375 ], "texture": "#texture" },
        "west":  { "uv": [ 8.5625, 4.875, 8.8125, 5.375 ], "texture": "#texture" },
        "east":  { "uv": [ 7.1875, 4.875, 7.4375, 5.375 ], "texture": "#texture" }
    }
},
{
    "from": [ 6.5625, 10.75, 8.1875 ],
    "to": [ 8.1875, 11.25, 8.4375 ],
    "rotation": { "origin": [ 6.5625, 11.25, 8.1875 ], "axis": "x", "angle": 22.5 },
    "faces": {
        "down":  { "uv": [ 9.4375, 8.4375, 7.8125, 8.1875 ], "texture": "#texture" },
        "up":    { "uv": [ 6.5625, 8.1875, 8.1875, 8.4375 ], "texture": "#texture" },
        "north": { "uv": [ 7.8125, 4.75, 9.4375, 5.25 ], "texture": "#texture" },
        "south": { "uv": [ 6.5625, 4.75, 8.1875, 5.25 ], "texture": "#texture" },
        "west":  { "uv": [ 8.1875, 4.75, 8.4375, 5.25 ], "texture": "#texture" },
        "east":  { "uv": [ 7.5625, 4.75, 7.8125, 5.25 ], "texture": "#texture" }
    }
},
{
    "from": [ 6.4375, 11, 8.1875 ],
    "to": [ 8.25, 11.25, 8.8125 ],
    "faces": {
        "down":  { "uv": [ 9.5625, 8.8125, 7.75, 8.1875 ], "texture": "#texture" },
        "up":    { "uv": [ 6.4375, 8.1875, 8.25, 8.8125 ], "texture": "#texture" },
        "north": { "uv": [ 7.75, 4.75, 9.5625, 5 ], "texture": "#texture" },
        "south": { "uv": [ 6.4375, 4.75, 8.25, 5 ], "texture": "#texture" },
        "west":  { "uv": [ 8.1875, 4.75, 8.8125, 5 ], "texture": "#texture" },
        "east":  { "uv": [ 7.1875, 4.75, 7.8125, 5 ], "texture": "#texture" }
    }
},
{
    "from": [ 3.1875, 11.6875, 8.25 ],
    "to": [ 3.5625, 11.75, 8.75 ],
    "faces": {
        "down":  { "uv": [ 12.8125, 8.75, 12.4375, 8.25 ], "texture": "#texture" },
        "up":    { "uv": [ 3.1875, 8.25, 3.5625, 8.75 ], "texture": "#texture" },
        "north": { "uv": [ 12.4375, 4.25, 12.8125, 4.3125 ], "texture": "#texture" },
        "south": { "uv": [ 3.1875, 4.25, 3.5625, 4.3125 ], "texture": "#texture" },
        "west":  { "uv": [ 8.25, 4.25, 8.75, 4.3125 ], "texture": "#texture" },
        "east":  { "uv": [ 7.25, 4.25, 7.75, 4.3125 ], "texture": "#texture" }
    }
},
{
    "from": [ 3.625, 11.375, 8.25 ],
    "to": [ 4.375, 11.75, 8.75 ],
    "rotation": { "origin": [ 3.625, 11.75, 8.25 ], "axis": "z", "angle": -45 },
    "faces": {
        "down":  { "uv": [ 12.375, 8.75, 11.625, 8.25 ], "texture": "#texture" },
        "up":    { "uv": [ 3.625, 8.25, 4.375, 8.75 ], "texture": "#texture" },
        "north": { "uv": [ 11.625, 4.25, 12.375, 4.625 ], "texture": "#texture" },
        "south": { "uv": [ 3.625, 4.25, 4.375, 4.625 ], "texture": "#texture" },
        "west":  { "uv": [ 8.25, 4.25, 8.75, 4.625 ], "texture": "#texture" },
        "east":  { "uv": [ 7.25, 4.25, 7.75, 4.625 ], "texture": "#texture" }
    }
},
{
    "from": [ 3.25, 11, 8.25 ],
    "to": [ 3.5, 11.75, 8.75 ],
    "faces": {
        "down":  { "uv": [ 12.75, 8.75, 12.5, 8.25 ], "texture": "#texture" },
        "up":    { "uv": [ 3.25, 8.25, 3.5, 8.75 ], "texture": "#texture" },
        "north": { "uv": [ 12.5, 4.25, 12.75, 5 ], "texture": "#texture" },
        "south": { "uv": [ 3.25, 4.25, 3.5, 5 ], "texture": "#texture" },
        "west":  { "uv": [ 8.25, 4.25, 8.75, 5 ], "texture": "#texture" },
        "east":  { "uv": [ 7.25, 4.25, 7.75, 5 ], "texture": "#texture" }
    }
},
{
    "from": [ 14.1294, 10.875, 8.1875 ],
    "to": [ 14.3794, 11.5, 8.75 ],
    "rotation": { "origin": [ 14.1294, 11.5, 8.1875 ], "axis": "z", "angle": -45 },
    "faces": {
        "down":  { "uv": [ 14.125, 8.1875, 14.375, 8.8125 ], "texture": "#texture" },
        "up":    { "uv": [ 14.125, 8.1875, 14.375, 8.8125 ], "texture": "#texture" },
        "north": { "uv": [ 14.125, 4.5, 14.375, 5.125 ], "texture": "#texture" },
        "south": { "uv": [ 14.125, 4.5, 14.375, 5.125 ], "texture": "#texture" },
        "west":  { "uv": [ 8.1875, 4.5, 8.8125, 5.125 ], "texture": "#texture" },
        "east":  { "uv": [ 8.1875, 4.5, 8.8125, 5.125 ], "texture": "#texture" }
    }
},
{
    "from": [ 14.375, 10.625, 8.25 ],
    "to": [ 14.625, 11.25, 8.75 ],
    "rotation": { "origin": [ 14.375, 11.25, 8.25 ], "axis": "z", "angle": -45 },
    "faces": {
        "down":  { "uv": [ 1.625, 8.75, 1.375, 8.25 ], "texture": "#texture" },
        "up":    { "uv": [ 14.375, 8.25, 14.625, 8.75 ], "texture": "#texture" },
        "north": { "uv": [ 1.375, 4.75, 1.625, 5.375 ], "texture": "#texture" },
        "south": { "uv": [ 14.375, 4.75, 14.625, 5.375 ], "texture": "#texture" },
        "west":  { "uv": [ 8.25, 4.75, 8.75, 5.375 ], "texture": "#texture" },
        "east":  { "uv": [ 7.25, 4.75, 7.75, 5.375 ], "texture": "#texture" }
    }
},
{
    "from": [ 14.25, 11, 8.25 ],
    "to": [ 14.875, 11.375, 8.75 ],
    "rotation": { "origin": [ 14.25, 11.375, 8.25 ], "axis": "z", "angle": -45 },
    "faces": {
        "down":  { "uv": [ 1.75, 8.75, 1.125, 8.25 ], "texture": "#texture" },
        "up":    { "uv": [ 14.25, 8.25, 14.875, 8.75 ], "texture": "#texture" },
        "north": { "uv": [ 1.125, 4.625, 1.75, 5 ], "texture": "#texture" },
        "south": { "uv": [ 14.25, 4.625, 14.875, 5 ], "texture": "#texture" },
        "west":  { "uv": [ 8.25, 4.625, 8.75, 5 ], "texture": "#texture" },
        "east":  { "uv": [ 7.25, 4.625, 7.75, 5 ], "texture": "#texture" }
    }
},
{
    "from": [ 2.375, 4.25, 7.875 ],
    "to": [ 5.625, 4.75, 9.125 ],
    "faces": {
        "down":  { "uv": [ 13.375, 8.75, 10.125, 7.5 ], "texture": "#texture" },
        "up":    { "uv": [ 2.375, 7.875, 5.625, 9.125 ], "texture": "#texture" },
        "north": { "uv": [ 7.5, 10.375, 10.75, 10.875 ], "texture": "#texture" },
        "south": { "uv": [ 7.5, 10.375, 10.75, 10.875 ], "texture": "#texture" },
        "west":  { "uv": [ 7.875, 11.25, 9.125, 11.75 ], "texture": "#texture" },
        "east":  { "uv": [ 6.875, 11.25, 8.125, 11.75 ], "texture": "#texture" }
    }
},
{
    "from": [ 6.25, 9, 8 ],
    "to": [ 6.625, 11.5, 9 ],
    "faces": {
        "down":  { "uv": [ 6.25, 8, 6.625, 9 ], "texture": "#texture" },
        "up":    { "uv": [ 6.25, 8, 6.625, 9 ], "texture": "#texture" },
        "north": { "uv": [ 0.125, 5.875, 0.375, 2.125 ], "texture": "#texture" },
        "south": { "uv": [ 0.125, 5.875, 0.375, 2.125 ], "texture": "#texture" },
        "west":  { "uv": [ 8, 4.5, 9, 7 ], "texture": "#texture" },
        "east":  { "uv": [ 8, 4.5, 9, 7 ], "texture": "#texture" }
    }
},
{
    "from": [ 2.5, 9.75, 8.25 ],
    "to": [ 2.875, 10.125, 8.625 ],
    "faces": {
        "down":  { "uv": [ 13.5, 8.625, 13.125, 8.25 ], "texture": "#texture" },
        "up":    { "uv": [ 2.5, 8.25, 2.875, 8.625 ], "texture": "#texture" },
        "north": { "uv": [ 13.125, 5.875, 13.5, 6.25 ], "texture": "#texture" },
        "south": { "uv": [ 2.5, 5.875, 2.875, 6.25 ], "texture": "#texture" },
        "west":  { "uv": [ 8.25, 5.875, 8.625, 6.25 ], "texture": "#texture" },
        "east":  { "uv": [ 7.375, 5.875, 7.75, 6.25 ], "texture": "#texture" }
    }
},
{
    "from": [ 2.5, 10.5, 8.25 ],
    "to": [ 2.875, 10.875, 8.625 ],
    "faces": {
        "down":  { "uv": [ 13.5, 8.625, 13.125, 8.25 ], "texture": "#texture" },
        "up":    { "uv": [ 2.5, 8.25, 2.875, 8.625 ], "texture": "#texture" },
        "north": { "uv": [ 13.125, 5.125, 13.5, 5.5 ], "texture": "#texture" },
        "south": { "uv": [ 2.5, 5.125, 2.875, 5.5 ], "texture": "#texture" },
        "west":  { "uv": [ 8.25, 5.125, 8.625, 5.5 ], "texture": "#texture" },
        "east":  { "uv": [ 7.375, 5.125, 7.75, 5.5 ], "texture": "#texture" }
    }
},
{
    "from": [ 2, 10.5, 8.25 ],
    "to": [ 2.75, 10.625, 8.625 ],
    "rotation": { "origin": [ 2, 10.625, 8.25 ], "axis": "z", "angle": 22.5 },
    "faces": {
        "down":  { "uv": [ 14, 8.625, 13.25, 8.25 ], "texture": "#texture" },
        "up":    { "uv": [ 2, 8.25, 2.75, 8.625 ], "texture": "#texture" },
        "north": { "uv": [ 13.25, 5.375, 14, 5.5 ], "texture": "#texture" },
        "south": { "uv": [ 2, 5.375, 2.75, 5.5 ], "texture": "#texture" },
        "west":  { "uv": [ 8.25, 5.375, 8.625, 5.5 ], "texture": "#texture" },
        "east":  { "uv": [ 7.375, 5.375, 7.75, 5.5 ], "texture": "#texture" }
    }
},
{
    "from": [ 2.25, 10.5, 8.25 ],
    "to": [ 2.625, 10.75, 8.625 ],
    "faces": {
        "down":  { "uv": [ 2.25, 8.25, 2.625, 8.625 ], "texture": "#texture" },
        "up":    { "uv": [ 2.25, 8.25, 2.625, 8.625 ], "texture": "#texture" },
        "north": { "uv": [ 2.25, 5.25, 2.625, 5.5 ], "texture": "#texture" },
        "south": { "uv": [ 2.25, 5.25, 2.625, 5.5 ], "texture": "#texture" },
        "west":  { "uv": [ 8.25, 5.25, 8.625, 5.5 ], "texture": "#texture" },
        "east":  { "uv": [ 8.25, 5.25, 8.625, 5.5 ], "texture": "#texture" }
    }
},
{
    "from": [ 6.625, 9.125, 8 ],
    "to": [ 14.625, 9.5, 9 ],
    "faces": {
        "down":  { "uv": [ 9.375, 9, 1.375, 8 ], "texture": "#texture" },
        "up":    { "uv": [ 6.625, 8, 14.625, 9 ], "texture": "#texture" },
        "north": { "uv": [ 1.375, 6.5, 9.375, 6.875 ], "texture": "#texture" },
        "south": { "uv": [ 6.625, 6.5, 14.625, 6.875 ], "texture": "#texture" },
        "west":  { "uv": [ 8, 6.5, 9, 6.875 ], "texture": "#texture" },
        "east":  { "uv": [ 7, 6.5, 8, 6.875 ], "texture": "#texture" }
    }
},
{
    "from": [ 6.375, 9.25, 7.9375 ],
    "to": [ 6.5625, 10.75, 9.0625 ],
    "rotation": { "origin": [ 6.375, 10.75, 7.9375 ], "axis": "z", "angle": -22.5 },
    "faces": {
        "down":  { "uv": [ 9.625, 9.0625, 9.4375, 7.9375 ], "texture": "#texture" },
        "up":    { "uv": [ 6.375, 7.9375, 6.5625, 9.0625 ], "texture": "#texture" },
        "north": { "uv": [ 10.5, 14.25, 11, 15.75 ], "texture": "#texture" },
        "south": { "uv": [ 10.5, 14.25, 11, 15.75 ], "texture": "#texture" },
        "west":  { "uv": [ 7.9375, 5.25, 9.0625, 6.75 ], "texture": "#texture" },
        "east":  { "uv": [ 6.9375, 5.25, 8.0625, 6.75 ], "texture": "#texture" }
    }
},
{
    "from": [ 6, 9.25, 7.9375 ],
    "to": [ 6.1875, 10.75, 9.0625 ],
    "rotation": { "origin": [ 6, 10.75, 7.9375 ], "axis": "z", "angle": -22.5 },
    "faces": {
        "down":  { "uv": [ 10, 9.0625, 9.8125, 7.9375 ], "texture": "#texture" },
        "up":    { "uv": [ 6, 7.9375, 6.1875, 9.0625 ], "texture": "#texture" },
        "north": { "uv": [ 9.125, 14.375, 9.625, 15.875 ], "texture": "#texture" },
        "south": { "uv": [ 9.125, 14.375, 9.625, 15.875 ], "texture": "#texture" },
        "west":  { "uv": [ 7.9375, 5.25, 9.0625, 6.75 ], "texture": "#texture" },
        "east":  { "uv": [ 6.9375, 5.25, 8.0625, 6.75 ], "texture": "#texture" }
    }
},
{
    "from": [ 5.5, 9.25, 7.9375 ],
    "to": [ 5.6875, 10.75, 9.0625 ],
    "rotation": { "origin": [ 5.5, 10.75, 7.9375 ], "axis": "z", "angle": -22.5 },
    "faces": {
        "down":  { "uv": [ 10.5, 9.0625, 10.3125, 7.9375 ], "texture": "#texture" },
        "up":    { "uv": [ 5.5, 7.9375, 5.6875, 9.0625 ], "texture": "#texture" },
        "north": { "uv": [ 10.625, 15.625, 10.8125, 14.125 ], "texture": "#texture" },
        "south": { "uv": [ 10.625, 15.625, 10.8125, 14.125 ], "texture": "#texture" },
        "west":  { "uv": [ 7.9375, 5.25, 9.0625, 6.75 ], "texture": "#texture" },
        "east":  { "uv": [ 6.9375, 5.25, 8.0625, 6.75 ], "texture": "#texture" }
    }
},
{
    "from": [ 5, 9.25, 7.9375 ],
    "to": [ 5.1875, 10.75, 9.0625 ],
    "rotation": { "origin": [ 5, 10.75, 7.9375 ], "axis": "z", "angle": -22.5 },
    "faces": {
        "down":  { "uv": [ 11, 9.0625, 10.8125, 7.9375 ], "texture": "#texture" },
        "up":    { "uv": [ 5, 7.9375, 5.1875, 9.0625 ], "texture": "#texture" },
        "north": { "uv": [ 9.5, 14.125, 10, 15.625 ], "texture": "#texture" },
        "south": { "uv": [ 9.5, 14.125, 10, 15.625 ], "texture": "#texture" },
        "west":  { "uv": [ 7.9375, 5.25, 9.0625, 6.75 ], "texture": "#texture" },
        "east":  { "uv": [ 6.9375, 5.25, 8.0625, 6.75 ], "texture": "#texture" }
    }
},
{
    "from": [ 4.5, 9.25, 7.9375 ],
    "to": [ 4.6875, 10.75, 9.0625 ],
    "rotation": { "origin": [ 4.5, 10.75, 7.9375 ], "axis": "z", "angle": -22.5 },
    "faces": {
        "down":  { "uv": [ 11.5, 9.0625, 11.3125, 7.9375 ], "texture": "#texture" },
        "up":    { "uv": [ 5, 7.9375, 5.5, 9.0625 ], "texture": "#texture" },
        "north": { "uv": [ 9.875, 13.875, 10.375, 15.375 ], "texture": "#texture" },
        "south": { "uv": [ 9.875, 13.875, 10.375, 15.375 ], "texture": "#texture" },
        "west":  { "uv": [ 7.9375, 5.25, 9.0625, 6.75 ], "texture": "#texture" },
        "east":  { "uv": [ 6.9375, 5.25, 8.0625, 6.75 ], "texture": "#texture" }
    }
},
{
    "from": [ 4.125, 9.25, 7.9375 ],
    "to": [ 4.3125, 10.75, 9.0625 ],
    "rotation": { "origin": [ 4.125, 10.75, 7.9375 ], "axis": "z", "angle": -22.5 },
    "faces": {
        "down":  { "uv": [ 11.875, 9.0625, 11.6875, 7.9375 ], "texture": "#texture" },
        "up":    { "uv": [ 4.125, 7.9375, 4.3125, 9.0625 ], "texture": "#texture" },
        "north": { "uv": [ 9.375, 13.875, 9.875, 15.375 ], "texture": "#texture" },
        "south": { "uv": [ 9.375, 13.875, 9.875, 15.375 ], "texture": "#texture" },
        "west":  { "uv": [ 7.9375, 5.25, 9.0625, 6.75 ], "texture": "#texture" },
        "east":  { "uv": [ 6.9375, 5.25, 8.0625, 6.75 ], "texture": "#texture" }
    }
},
{
    "from": [ 3.75, 9.25, 7.9375 ],
    "to": [ 3.9375, 10.75, 9.0625 ],
    "rotation": { "origin": [ 3.75, 10.75, 7.9375 ], "axis": "z", "angle": -22.5 },
    "faces": {
        "down":  { "uv": [ 12.25, 9.0625, 12.0625, 7.9375 ], "texture": "#texture" },
        "up":    { "uv": [ 3.75, 7.9375, 7.125, 8.5625 ], "texture": "#texture" },
        "north": { "uv": [ 9.875, 14.375, 10.375, 15.875 ], "texture": "#texture" },
        "south": { "uv": [ 9.875, 14.375, 10.375, 15.875 ], "texture": "#texture" },
        "west":  { "uv": [ 7.625, 14.125, 8.75, 15.625 ], "texture": "#texture" },
        "east":  { "uv": [ 7.625, 14.125, 8.75, 15.625 ], "texture": "#texture" }
    }
},
{
    "from": [ 3.75, 6.25, 7.9375 ],
    "to": [ 4.125, 8.875, 9 ],
    "rotation": { "origin": [ 3.75, 8.875, 7.9375 ], "axis": "z", "angle": -22.5 },
    "faces": {
        "down":  { "uv": [ 5, 13.875, 5.5, 14.9375 ], "texture": "#texture" },
        "up":    { "uv": [ 5, 13.875, 5.5, 14.9375 ], "texture": "#texture" },
        "north": { "uv": [ 9.25, 14.375, 9.75, 15.75 ], "texture": "#texture" },
        "south": { "uv": [ 9.25, 14.375, 9.75, 15.75 ], "texture": "#texture" },
        "west":  { "uv": [ 8.125, 14.125, 9.1875, 15.5 ], "texture": "#texture" },
        "east":  { "uv": [ 8.125, 14.125, 9.1875, 15.5 ], "texture": "#texture" }
    }
},
{
    "from": [ 3.375, 8.125, 8.0625 ],
    "to": [ 3.875, 9, 8.9375 ],
    "rotation": { "origin": [ 3.375, 9, 8.0625 ], "axis": "z", "angle": 22.5 },
    "faces": {
        "down":  { "uv": [ 12.875, 8.9375, 12.375, 8.0625 ], "texture": "#texture" },
        "up":    { "uv": [ 3.125, 8.0625, 3.625, 8.9375 ], "texture": "#texture" },
        "north": { "uv": [ 12.375, 7.25381, 12.875, 8.12881 ], "texture": "#texture" },
        "south": { "uv": [ 3.125, 7.25381, 3.625, 8.12881 ], "texture": "#texture" },
        "west":  { "uv": [ 8.0625, 7.25381, 8.9375, 8.12881 ], "texture": "#texture" },
        "east":  { "uv": [ 7.0625, 7.25381, 7.9375, 8.12881 ], "texture": "#texture" }
    }
},
{
    "from": [ 5.375, 7.625, 8 ],
    "to": [ 5.75, 8.125, 9 ],
    "faces": {
        "down":  { "uv": [ 5.75, 14.5, 7.875, 15.5 ], "texture": "#texture" },
        "up":    { "uv": [ 5.75, 14.5, 7.875, 15.5 ], "texture": "#texture" },
        "north": { "uv": [ 8.25, 14.125, 10.375, 15.625 ], "texture": "#texture" },
        "south": { "uv": [ 8.25, 14.125, 10.375, 15.625 ], "texture": "#texture" },
        "west":  { "uv": [ 7.25, 14.5, 8.25, 16 ], "texture": "#texture" },
        "east":  { "uv": [ 7.25, 14.5, 8.25, 16 ], "texture": "#texture" }
    }
},
{
    "from": [ 3.625, 7.75, 8 ],
    "to": [ 3.875, 8.125, 9 ],
    "faces": {
        "down":  { "uv": [ 5.75, 14.5, 7.875, 15.5 ], "texture": "#texture" },
        "up":    { "uv": [ 5.75, 14.5, 7.875, 15.5 ], "texture": "#texture" },
        "north": { "uv": [ 8.25, 14.125, 10.375, 15.625 ], "texture": "#texture" },
        "south": { "uv": [ 8.25, 14.125, 10.375, 15.625 ], "texture": "#texture" },
        "west":  { "uv": [ 7.25, 14.5, 8.25, 16 ], "texture": "#texture" },
        "east":  { "uv": [ 7.25, 14.5, 8.25, 16 ], "texture": "#texture" }
    }
},
{
    "from": [ 3.375, 9.25, 7.9375 ],
    "to": [ 3.625, 11.25, 9.0625 ],
    "rotation": { "origin": [ 3.375, 11.25, 7.9375 ], "axis": "z", "angle": -22.5 },
    "faces": {
        "down":  { "uv": [ 3.25, 8, 3.5, 9 ], "texture": "#texture" },
        "up":    { "uv": [ 3.25, 8, 3.5, 9 ], "texture": "#texture" },
        "north": { "uv": [ 15.75, 3.25, 16, 5.875 ], "texture": "#texture" },
        "south": { "uv": [ 15.75, 3.25, 16, 5.875 ], "texture": "#texture" },
        "west":  { "uv": [ 8, 4.625, 9, 7.25 ], "texture": "#texture" },
        "east":  { "uv": [ 8, 4.625, 9, 7.25 ], "texture": "#texture" }
    }
},
{
    "from": [ 2.25, 10.375, 8.1875 ],
    "to": [ 2.5, 10.625, 8.6875 ],
    "faces": {
        "down":  { "uv": [ 3.5, 0.375, 4, 1 ], "texture": "#texture" },
        "up":    { "uv": [ 3.5, 0.375, 4, 1 ], "texture": "#texture" },
        "north": { "uv": [ 2.375, 0.75, 2.875, 1 ], "texture": "#texture" },
        "south": { "uv": [ 2.375, 0.75, 2.875, 1 ], "texture": "#texture" },
        "west":  { "uv": [ 7.375, 0.625, 8, 0.875 ], "texture": "#texture" },
        "east":  { "uv": [ 7.375, 0.625, 8, 0.875 ], "texture": "#texture" }
    }
}
],
"display": {
    "thirdperson": {
        "rotation": [ -180, 90, -77 ],
        "translation": [ 0, 1.5, -2.1 ],
        "scale": [ 0.85, 0.85, 0.85 ]
    },
    "ground": {
        "rotation": [ 0, 0, 0 ],
        "translation": [ 0, 0, 0 ],
        "scale": [ 1.5, 1.5, 1.5 ]
    },
    "firstperson": {
        "rotation": [ 0, 31, -10 ],
        "translation": [ 0, 2.6, -1.6 ],
        "scale": [ 1.7, 1.7, 2.5 ]
    },
    "gui": {
        "rotation": [ -30, 109, 23 ],
        "translation": [ 0, 0, 0 ],
        "scale": [ 1.6, 1.6, 1.6 ]
    }
}
}