{
"__comment": "Designed by Thelaststraw8 with BDcraft Cubik PRO 0.95 Beta - http://bdcraft.net",
"textures": {
    "texture": "item/KC"
},
"elements": [ 
{
    "from": [ 13.375, 4, 4 ],
    "to": [ 15.375, 4.375, 5 ],
    "faces": {
        "down":  { "uv": [ 2.625, 5, 0.625, 4 ], "texture": "#texture" },
        "up":    { "uv": [ 13.375, 4, 15.375, 5 ], "texture": "#texture" },
        "north": { "uv": [ 15.375, 11.625, 13.375, 12 ], "texture": "#texture" },
        "south": { "uv": [ 13.375, 11.625, 15.375, 12 ], "texture": "#texture" },
        "west":  { "uv": [ 4, 11.625, 5, 12 ], "texture": "#texture" },
        "east":  { "uv": [ 5, 11.625, 4, 12 ], "texture": "#texture" }
    }
},
{
    "from": [ 13, 4.0625, 4 ],
    "to": [ 13.5, 4.1875, 5 ],
    "rotation": { "origin": [ 13, 4.1875, 4 ], "axis": "z", "angle": 22.5 },
    "faces": {
        "down":  { "uv": [ 3, 5, 2.5, 4 ], "texture": "#texture" },
        "up":    { "uv": [ 13, 4, 13.5, 5 ], "texture": "#texture" },
        "north": { "uv": [ 13.5, 11.8125, 13, 11.9375 ], "texture": "#texture" },
        "south": { "uv": [ 13, 11.8125, 13.5, 11.9375 ], "texture": "#texture" },
        "west":  { "uv": [ 4, 11.8125, 5, 11.9375 ], "texture": "#texture" },
        "east":  { "uv": [ 5, 11.8125, 4, 11.9375 ], "texture": "#texture" }
    }
},
{
    "from": [ 13, 4, 4 ],
    "to": [ 13.5, 4.125, 5 ],
    "faces": {
        "down":  { "uv": [ 3, 5, 2.5, 4 ], "texture": "#texture" },
        "up":    { "uv": [ 13, 4, 13.5, 5 ], "texture": "#texture" },
        "north": { "uv": [ 13.5, 11.875, 13, 12 ], "texture": "#texture" },
        "south": { "uv": [ 13, 11.875, 13.5, 12 ], "texture": "#texture" },
        "west":  { "uv": [ 4, 11.875, 5, 12 ], "texture": "#texture" },
        "east":  { "uv": [ 5, 11.875, 4, 12 ], "texture": "#texture" }
    }
},
{
    "from": [ 13.25, 4, 4 ],
    "to": [ 13.75, 4.25, 5 ],
    "faces": {
        "down":  { "uv": [ 2.75, 5, 2.25, 4 ], "texture": "#texture" },
        "up":    { "uv": [ 13.25, 4, 13.75, 5 ], "texture": "#texture" },
        "north": { "uv": [ 13.75, 11.75, 13.25, 12 ], "texture": "#texture" },
        "south": { "uv": [ 13.25, 11.75, 13.75, 12 ], "texture": "#texture" },
        "west":  { "uv": [ 4, 11.75, 5, 12 ], "texture": "#texture" },
        "east":  { "uv": [ 5, 11.75, 4, 12 ], "texture": "#texture" }
    }
},
{
    "from": [ 15.125, 4.375, 4 ],
    "to": [ 15.375, 5.5, 5 ],
    "faces": {
        "down":  { "uv": [ 0.875, 5, 0.625, 4 ], "texture": "#texture" },
        "up":    { "uv": [ 15.125, 4, 15.375, 5 ], "texture": "#texture" },
        "north": { "uv": [ 15.375, 10.5, 15.125, 11.625 ], "texture": "#texture" },
        "south": { "uv": [ 15.125, 10.5, 15.375, 11.625 ], "texture": "#texture" },
        "west":  { "uv": [ 4, 10.5, 5, 11.625 ], "texture": "#texture" },
        "east":  { "uv": [ 5, 10.5, 4, 11.625 ], "texture": "#texture" }
    }
},
{
    "from": [ 14.75, 5.25, 4 ],
    "to": [ 15, 6.375, 5 ],
    "rotation": { "origin": [ 14.75, 6.375, 4 ], "axis": "z", "angle": 22.5 },
    "faces": {
        "down":  { "uv": [ 1.25, 5, 1, 4 ], "texture": "#texture" },
        "up":    { "uv": [ 14.75, 4, 15, 5 ], "texture": "#texture" },
        "north": { "uv": [ 15, 9.625, 14.75, 10.75 ], "texture": "#texture" },
        "south": { "uv": [ 14.75, 9.625, 15, 10.75 ], "texture": "#texture" },
        "west":  { "uv": [ 4, 9.625, 5, 10.75 ], "texture": "#texture" },
        "east":  { "uv": [ 5, 9.625, 4, 10.75 ], "texture": "#texture" }
    }
},
{
    "from": [ 14.375, 6.125, 4 ],
    "to": [ 14.625, 7.25, 5 ],
    "rotation": { "origin": [ 14.375, 7.25, 4 ], "axis": "z", "angle": 22.5 },
    "faces": {
        "down":  { "uv": [ 1.625, 5, 1.375, 4 ], "texture": "#texture" },
        "up":    { "uv": [ 14.375, 4, 14.625, 5 ], "texture": "#texture" },
        "north": { "uv": [ 14.625, 8.75, 14.375, 9.875 ], "texture": "#texture" },
        "south": { "uv": [ 14.375, 8.75, 14.625, 9.875 ], "texture": "#texture" },
        "west":  { "uv": [ 4, 8.75, 5, 9.875 ], "texture": "#texture" },
        "east":  { "uv": [ 5, 8.75, 4, 9.875 ], "texture": "#texture" }
    }
},
{
    "from": [ 14.8125, 7.4375, 4.0625 ],
    "to": [ 15.5625, 7.6875, 4.9375 ],
    "rotation": { "origin": [ 14.8125, 7.6875, 4.0625 ], "axis": "z", "angle": 22.5 },
    "faces": {
        "down":  { "uv": [ 1.1875, 4.9375, 0.4375, 4.0625 ], "texture": "#texture" },
        "up":    { "uv": [ 14.8125, 4.0625, 15.5625, 4.9375 ], "texture": "#texture" },
        "north": { "uv": [ 15.5625, 8.3125, 14.8125, 8.5625 ], "texture": "#texture" },
        "south": { "uv": [ 14.8125, 8.3125, 15.5625, 8.5625 ], "texture": "#texture" },
        "west":  { "uv": [ 4.0625, 8.3125, 4.9375, 8.5625 ], "texture": "#texture" },
        "east":  { "uv": [ 4.9375, 8.3125, 4.0625, 8.5625 ], "texture": "#texture" }
    }
},
{
    "from": [ 14.375, 7, 4 ],
    "to": [ 15.125, 7.25, 5 ],
    "rotation": { "origin": [ 14.375, 7.25, 4 ], "axis": "z", "angle": 45 },
    "faces": {
        "down":  { "uv": [ 1.625, 5, 0.875, 4 ], "texture": "#texture" },
        "up":    { "uv": [ 14.375, 4, 15.125, 5 ], "texture": "#texture" },
        "north": { "uv": [ 15.125, 8.75, 14.375, 9 ], "texture": "#texture" },
        "south": { "uv": [ 14.375, 8.75, 15.125, 9 ], "texture": "#texture" },
        "west":  { "uv": [ 4, 8.75, 5, 9 ], "texture": "#texture" },
        "east":  { "uv": [ 5, 8.75, 4, 9 ], "texture": "#texture" }
    }
},
{
    "from": [ 10.5, 6.5, 4 ],
    "to": [ 12.125, 6.75, 5 ],
    "faces": {
        "down":  { "uv": [ 5.5, 5, 3.875, 4 ], "texture": "#texture" },
        "up":    { "uv": [ 10.5, 4, 12.125, 5 ], "texture": "#texture" },
        "north": { "uv": [ 12.125, 9.25, 10.5, 9.5 ], "texture": "#texture" },
        "south": { "uv": [ 10.5, 9.25, 12.125, 9.5 ], "texture": "#texture" },
        "west":  { "uv": [ 4, 9.25, 5, 9.5 ], "texture": "#texture" },
        "east":  { "uv": [ 5, 9.25, 4, 9.5 ], "texture": "#texture" }
    }
},
{
    "from": [ 12.0625, 6.5, 4 ],
    "to": [ 12.8125, 6.75, 5 ],
    "rotation": { "origin": [ 12.0625, 6.75, 4 ], "axis": "z", "angle": 22.5 },
    "faces": {
        "down":  { "uv": [ 3.9375, 5, 3.1875, 4 ], "texture": "#texture" },
        "up":    { "uv": [ 12.0625, 4, 12.8125, 5 ], "texture": "#texture" },
        "north": { "uv": [ 12.8125, 9.25, 12.0625, 9.5 ], "texture": "#texture" },
        "south": { "uv": [ 12.0625, 9.25, 12.8125, 9.5 ], "texture": "#texture" },
        "west":  { "uv": [ 4, 9.25, 5, 9.5 ], "texture": "#texture" },
        "east":  { "uv": [ 5, 9.25, 4, 9.5 ], "texture": "#texture" }
    }
},
{
    "from": [ 12.75, 5.5, 4 ],
    "to": [ 13.125, 7, 5 ],
    "faces": {
        "down":  { "uv": [ 3.25, 5, 2.875, 4 ], "texture": "#texture" },
        "up":    { "uv": [ 12.75, 4, 13.125, 5 ], "texture": "#texture" },
        "north": { "uv": [ 13.125, 9, 12.75, 10.5 ], "texture": "#texture" },
        "south": { "uv": [ 12.75, 9, 13.125, 10.5 ], "texture": "#texture" },
        "west":  { "uv": [ 4, 9, 5, 10.5 ], "texture": "#texture" },
        "east":  { "uv": [ 5, 9, 4, 10.5 ], "texture": "#texture" }
    }
},
{
    "from": [ 12.75, 4.125, 4 ],
    "to": [ 13, 5.625, 5 ],
    "rotation": { "origin": [ 12.75, 5.625, 4 ], "axis": "z", "angle": 22.5 },
    "faces": {
        "down":  { "uv": [ 3.25, 5, 3, 4 ], "texture": "#texture" },
        "up":    { "uv": [ 12.75, 4, 13, 5 ], "texture": "#texture" },
        "north": { "uv": [ 13, 10.375, 12.75, 11.875 ], "texture": "#texture" },
        "south": { "uv": [ 12.75, 10.375, 13, 11.875 ], "texture": "#texture" },
        "west":  { "uv": [ 4, 10.375, 5, 11.875 ], "texture": "#texture" },
        "east":  { "uv": [ 5, 10.375, 4, 11.875 ], "texture": "#texture" }
    }
},
{
    "from": [ 10.0625, 6.5, 4.0625 ],
    "to": [ 10.3125, 7.625, 4.9375 ],
    "rotation": { "origin": [ 10.0625, 7.625, 4.0625 ], "axis": "z", "angle": 22.5 },
    "faces": {
        "down":  { "uv": [ 6, 5, 5.75, 4 ], "texture": "#texture" },
        "up":    { "uv": [ 10, 4, 10.25, 5 ], "texture": "#texture" },
        "north": { "uv": [ 10.25, 8.25, 10, 9.375 ], "texture": "#texture" },
        "south": { "uv": [ 10, 8.25, 10.25, 9.375 ], "texture": "#texture" },
        "west":  { "uv": [ 4, 8.25, 5, 9.375 ], "texture": "#texture" },
        "east":  { "uv": [ 5, 8.25, 4, 9.375 ], "texture": "#texture" }
    }
},
{
    "from": [ 12.375, 6.625, 4 ],
    "to": [ 13, 6.875, 5 ],
    "rotation": { "origin": [ 12.375, 6.875, 4 ], "axis": "z", "angle": 45 },
    "faces": {
        "down":  { "uv": [ 3.625, 5, 3, 4 ], "texture": "#texture" },
        "up":    { "uv": [ 12.375, 4, 13, 5 ], "texture": "#texture" },
        "north": { "uv": [ 13, 9.125, 12.375, 9.375 ], "texture": "#texture" },
        "south": { "uv": [ 12.375, 9.125, 13, 9.375 ], "texture": "#texture" },
        "west":  { "uv": [ 4, 9.125, 5, 9.375 ], "texture": "#texture" },
        "east":  { "uv": [ 5, 9.125, 4, 9.375 ], "texture": "#texture" }
    }
},
{
    "from": [ 13.375, 4.375, 4 ],
    "to": [ 15.25, 5.875, 5 ],
    "faces": {
        "down":  { "uv": [ 2.625, 5, 0.75, 4 ], "texture": "#texture" },
        "up":    { "uv": [ 13.375, 4, 15.25, 5 ], "texture": "#texture" },
        "north": { "uv": [ 15.25, 10.125, 13.375, 11.625 ], "texture": "#texture" },
        "south": { "uv": [ 13.375, 10.125, 15.25, 11.625 ], "texture": "#texture" },
        "west":  { "uv": [ 4, 10.125, 5, 11.625 ], "texture": "#texture" },
        "east":  { "uv": [ 5, 10.125, 4, 11.625 ], "texture": "#texture" }
    }
},
{
    "from": [ 13, 5.375, 4 ],
    "to": [ 14.75, 6.875, 5 ],
    "faces": {
        "down":  { "uv": [ 3, 5, 1.25, 4 ], "texture": "#texture" },
        "up":    { "uv": [ 13, 4, 14.75, 5 ], "texture": "#texture" },
        "north": { "uv": [ 14.75, 9.125, 13, 10.625 ], "texture": "#texture" },
        "south": { "uv": [ 13, 9.125, 14.75, 10.625 ], "texture": "#texture" },
        "west":  { "uv": [ 4, 9.125, 5, 10.625 ], "texture": "#texture" },
        "east":  { "uv": [ 5, 9.125, 4, 10.625 ], "texture": "#texture" }
    }
},
{
    "from": [ 14.5, 5.625, 4 ],
    "to": [ 15, 6.375, 5 ],
    "faces": {
        "down":  { "uv": [ 1.5, 5, 1, 4 ], "texture": "#texture" },
        "up":    { "uv": [ 14.5, 4, 15, 5 ], "texture": "#texture" },
        "north": { "uv": [ 15, 9.625, 14.5, 10.375 ], "texture": "#texture" },
        "south": { "uv": [ 14.5, 9.625, 15, 10.375 ], "texture": "#texture" },
        "west":  { "uv": [ 4, 9.625, 5, 10.375 ], "texture": "#texture" },
        "east":  { "uv": [ 5, 9.625, 4, 10.375 ], "texture": "#texture" }
    }
},
{
    "from": [ 13.125, 4.875, 4 ],
    "to": [ 13.625, 5.625, 5 ],
    "faces": {
        "down":  { "uv": [ 2.875, 5, 2.375, 4 ], "texture": "#texture" },
        "up":    { "uv": [ 13.125, 4, 13.625, 5 ], "texture": "#texture" },
        "north": { "uv": [ 13.625, 10.375, 13.125, 11.125 ], "texture": "#texture" },
        "south": { "uv": [ 13.125, 10.375, 13.625, 11.125 ], "texture": "#texture" },
        "west":  { "uv": [ 4, 10.375, 5, 11.125 ], "texture": "#texture" },
        "east":  { "uv": [ 5, 10.375, 4, 11.125 ], "texture": "#texture" }
    }
},
{
    "from": [ 12.75, 6.875, 4 ],
    "to": [ 14.5, 8.25, 5 ],
    "faces": {
        "down":  { "uv": [ 3.25, 5, 1.5, 4 ], "texture": "#texture" },
        "up":    { "uv": [ 12.75, 4, 14.5, 5 ], "texture": "#texture" },
        "north": { "uv": [ 14.5, 7.75, 12.75, 9.125 ], "texture": "#texture" },
        "south": { "uv": [ 12.75, 7.75, 14.5, 9.125 ], "texture": "#texture" },
        "west":  { "uv": [ 4, 7.75, 5, 9.125 ], "texture": "#texture" },
        "east":  { "uv": [ 5, 7.75, 4, 9.125 ], "texture": "#texture" }
    }
},
{
    "from": [ 12.625, 7, 4 ],
    "to": [ 12.875, 7.5, 5 ],
    "faces": {
        "down":  { "uv": [ 3.375, 5, 3.125, 4 ], "texture": "#texture" },
        "up":    { "uv": [ 12.625, 4, 12.875, 5 ], "texture": "#texture" },
        "north": { "uv": [ 12.875, 8.5, 12.625, 9 ], "texture": "#texture" },
        "south": { "uv": [ 12.625, 8.5, 12.875, 9 ], "texture": "#texture" },
        "west":  { "uv": [ 4, 8.5, 5, 9 ], "texture": "#texture" },
        "east":  { "uv": [ 5, 8.5, 4, 9 ], "texture": "#texture" }
    }
},
{
    "from": [ 12.375, 7.75, 4 ],
    "to": [ 13, 8, 5 ],
    "rotation": { "origin": [ 12.375, 8, 4 ], "axis": "z", "angle": -45 },
    "faces": {
        "down":  { "uv": [ 3.625, 5, 3, 4 ], "texture": "#texture" },
        "up":    { "uv": [ 12.375, 4, 13, 5 ], "texture": "#texture" },
        "north": { "uv": [ 13, 8, 12.375, 8.25 ], "texture": "#texture" },
        "south": { "uv": [ 12.375, 8, 13, 8.25 ], "texture": "#texture" },
        "west":  { "uv": [ 4, 8, 5, 8.25 ], "texture": "#texture" },
        "east":  { "uv": [ 5, 8, 4, 8.25 ], "texture": "#texture" }
    }
},
{
    "from": [ 10, 7.75, 4 ],
    "to": [ 12.375, 8, 5 ],
    "faces": {
        "down":  { "uv": [ 6, 5, 3.625, 4 ], "texture": "#texture" },
        "up":    { "uv": [ 10, 4, 12.375, 5 ], "texture": "#texture" },
        "north": { "uv": [ 12.375, 8, 10, 8.25 ], "texture": "#texture" },
        "south": { "uv": [ 10, 8, 12.375, 8.25 ], "texture": "#texture" },
        "west":  { "uv": [ 4, 8, 5, 8.25 ], "texture": "#texture" },
        "east":  { "uv": [ 5, 8, 4, 8.25 ], "texture": "#texture" }
    }
},
{
    "from": [ 10.25, 7.625, 4 ],
    "to": [ 10.5, 8, 5 ],
    "rotation": { "origin": [ 10.25, 8, 4 ], "axis": "z", "angle": -45 },
    "faces": {
        "down":  { "uv": [ 5.75, 5, 5.5, 4 ], "texture": "#texture" },
        "up":    { "uv": [ 10.25, 4, 10.5, 5 ], "texture": "#texture" },
        "north": { "uv": [ 10.5, 8, 10.25, 8.375 ], "texture": "#texture" },
        "south": { "uv": [ 10.25, 8, 10.5, 8.375 ], "texture": "#texture" },
        "west":  { "uv": [ 4, 8, 5, 8.375 ], "texture": "#texture" },
        "east":  { "uv": [ 5, 8, 4, 8.375 ], "texture": "#texture" }
    }
},
{
    "from": [ 10.375, 6.375, 4 ],
    "to": [ 10.625, 6.75, 5 ],
    "rotation": { "origin": [ 10.375, 6.75, 4 ], "axis": "z", "angle": 45 },
    "faces": {
        "down":  { "uv": [ 5.625, 5, 5.375, 4 ], "texture": "#texture" },
        "up":    { "uv": [ 10.375, 4, 10.625, 5 ], "texture": "#texture" },
        "north": { "uv": [ 10.625, 9.25, 10.375, 9.625 ], "texture": "#texture" },
        "south": { "uv": [ 10.375, 9.25, 10.625, 9.625 ], "texture": "#texture" },
        "west":  { "uv": [ 4, 9.25, 5, 9.625 ], "texture": "#texture" },
        "east":  { "uv": [ 5, 9.25, 4, 9.625 ], "texture": "#texture" }
    }
},
{
    "from": [ 14.625, 7.9375, 4.0625 ],
    "to": [ 15, 9.5625, 4.9375 ],
    "rotation": { "origin": [ 14.625, 9.5625, 4.0625 ], "axis": "z", "angle": 22.5 },
    "faces": {
        "down":  { "uv": [ 1.375, 4.9375, 1, 4.0625 ], "texture": "#texture" },
        "up":    { "uv": [ 14.625, 4.0625, 15, 4.9375 ], "texture": "#texture" },
        "north": { "uv": [ 13.75, 2.875, 13.375, 4.5 ], "texture": "#texture" },
        "south": { "uv": [ 13.75, 2.875, 13.375, 4.5 ], "texture": "#texture" },
        "west":  { "uv": [ 3.75, 9.875, 4.625, 11.5 ], "texture": "#texture" },
        "east":  { "uv": [ 3.75, 9.875, 4.625, 11.5 ], "texture": "#texture" }
    }
},
{
    "from": [ 15.125, 7.875, 4 ],
    "to": [ 15.5, 8.625, 5 ],
    "faces": {
        "down":  { "uv": [ 0.875, 5, 0.5, 4 ], "texture": "#texture" },
        "up":    { "uv": [ 15.125, 4, 15.5, 5 ], "texture": "#texture" },
        "north": { "uv": [ 15.5, 4, 15.125, 4.75 ], "texture": "#texture" },
        "south": { "uv": [ 15.5, 4, 15.125, 4.75 ], "texture": "#texture" },
        "west":  { "uv": [ 3.875, 8, 4.875, 8.75 ], "texture": "#texture" },
        "east":  { "uv": [ 3.875, 8, 4.875, 8.75 ], "texture": "#texture" }
    }
},
{
    "from": [ 12, 8.25, 4 ],
    "to": [ 15.125, 9.125, 5 ],
    "faces": {
        "down":  { "uv": [ 4, 5, 0.875, 4 ], "texture": "#texture" },
        "up":    { "uv": [ 12, 4, 15.125, 5 ], "texture": "#texture" },
        "north": { "uv": [ 15.125, 6.875, 12, 7.75 ], "texture": "#texture" },
        "south": { "uv": [ 12, 6.875, 15.125, 7.75 ], "texture": "#texture" },
        "west":  { "uv": [ 4, 6.875, 5, 7.75 ], "texture": "#texture" },
        "east":  { "uv": [ 5, 6.875, 4, 7.75 ], "texture": "#texture" }
    }
},
{
    "from": [ 14, 7.75, 4 ],
    "to": [ 15.25, 8.625, 5 ],
    "faces": {
        "down":  { "uv": [ 2, 5, 0.75, 4 ], "texture": "#texture" },
        "up":    { "uv": [ 14, 4, 15.25, 5 ], "texture": "#texture" },
        "north": { "uv": [ 15.25, 7.375, 14, 8.25 ], "texture": "#texture" },
        "south": { "uv": [ 14, 7.375, 15.25, 8.25 ], "texture": "#texture" },
        "west":  { "uv": [ 4, 7.375, 5, 8.25 ], "texture": "#texture" },
        "east":  { "uv": [ 5, 7.375, 4, 8.25 ], "texture": "#texture" }
    }
},
{
    "from": [ 14, 7.5, 4 ],
    "to": [ 14.75, 8.125, 5 ],
    "faces": {
        "down":  { "uv": [ 2, 5, 1.25, 4 ], "texture": "#texture" },
        "up":    { "uv": [ 14, 4, 14.75, 5 ], "texture": "#texture" },
        "north": { "uv": [ 14.75, 7.875, 14, 8.5 ], "texture": "#texture" },
        "south": { "uv": [ 14, 7.875, 14.75, 8.5 ], "texture": "#texture" },
        "west":  { "uv": [ 4, 7.875, 5, 8.5 ], "texture": "#texture" },
        "east":  { "uv": [ 5, 7.875, 4, 8.5 ], "texture": "#texture" }
    }
},
{
    "from": [ 7.625, 8, 4 ],
    "to": [ 12.75, 8.75, 5 ],
    "faces": {
        "down":  { "uv": [ 8.375, 5, 3.25, 4 ], "texture": "#texture" },
        "up":    { "uv": [ 7.625, 4, 12.75, 5 ], "texture": "#texture" },
        "north": { "uv": [ 12.75, 7.25, 7.625, 8 ], "texture": "#texture" },
        "south": { "uv": [ 7.625, 7.25, 12.75, 8 ], "texture": "#texture" },
        "west":  { "uv": [ 4, 7.25, 5, 8 ], "texture": "#texture" },
        "east":  { "uv": [ 5, 7.25, 4, 8 ], "texture": "#texture" }
    }
},
{
    "from": [ 12.375, 7.375, 4.0625 ],
    "to": [ 12.75, 7.875, 4.9375 ],
    "rotation": { "origin": [ 12.375, 7.875, 4.0625 ], "axis": "z", "angle": 22.5 },
    "faces": {
        "down":  { "uv": [ 3.625, 5, 3.25, 4 ], "texture": "#texture" },
        "up":    { "uv": [ 12.375, 4, 12.75, 5 ], "texture": "#texture" },
        "north": { "uv": [ 12.75, 8, 12.375, 8.5 ], "texture": "#texture" },
        "south": { "uv": [ 12.375, 8, 12.75, 8.5 ], "texture": "#texture" },
        "west":  { "uv": [ 4, 8, 5, 8.5 ], "texture": "#texture" },
        "east":  { "uv": [ 5, 8, 4, 8.5 ], "texture": "#texture" }
    }
},
{
    "from": [ 7.6875, 8.75, 4.125 ],
    "to": [ 14.8125, 9.625, 5 ],
    "faces": {
        "down":  { "uv": [ 8.3125, 5, 1.1875, 4.125 ], "texture": "#texture" },
        "up":    { "uv": [ 7.6875, 4.125, 14.8125, 5 ], "texture": "#texture" },
        "north": { "uv": [ 14.8125, 6.375, 7.6875, 7.25 ], "texture": "#texture" },
        "south": { "uv": [ 7.6875, 6.375, 14.8125, 7.25 ], "texture": "#texture" },
        "west":  { "uv": [ 4.125, 6.375, 5, 7.25 ], "texture": "#texture" },
        "east":  { "uv": [ 5, 6.375, 4.125, 7.25 ], "texture": "#texture" }
    }
},
{
    "from": [ 7.25, 9.125, 4.375 ],
    "to": [ 8, 9.375, 4.75 ],
    "faces": {
        "down":  { "uv": [ 8.75, 4.75, 8, 4.375 ], "texture": "#texture" },
        "up":    { "uv": [ 7.25, 4.375, 8, 4.75 ], "texture": "#texture" },
        "north": { "uv": [ 8, 6.625, 7.25, 6.875 ], "texture": "#texture" },
        "south": { "uv": [ 7.25, 6.625, 8, 6.875 ], "texture": "#texture" },
        "west":  { "uv": [ 4.375, 6.625, 4.75, 6.875 ], "texture": "#texture" },
        "east":  { "uv": [ 4.75, 6.625, 4.375, 6.875 ], "texture": "#texture" }
    }
},
{
    "from": [ 7.25, 8.625, 4.8125 ],
    "to": [ 8, 9.125, 5 ],
    "faces": {
        "down":  { "uv": [ 8.75, 5, 8, 4.8125 ], "texture": "#texture" },
        "up":    { "uv": [ 7.25, 4.8125, 8, 5 ], "texture": "#texture" },
        "north": { "uv": [ 8, 6.875, 7.25, 7.375 ], "texture": "#texture" },
        "south": { "uv": [ 7.25, 6.875, 8, 7.375 ], "texture": "#texture" },
        "west":  { "uv": [ 4.8125, 6.875, 5, 7.375 ], "texture": "#texture" },
        "east":  { "uv": [ 5, 6.875, 4.8125, 7.375 ], "texture": "#texture" }
    }
},
{
    "from": [ 7.25, 8.625, 4.125 ],
    "to": [ 8, 9.125, 4.25 ],
    "faces": {
        "down":  { "uv": [ 8.75, 4.25, 8, 4.125 ], "texture": "#texture" },
        "up":    { "uv": [ 7.25, 4.125, 8, 4.25 ], "texture": "#texture" },
        "north": { "uv": [ 8, 6.875, 7.25, 7.375 ], "texture": "#texture" },
        "south": { "uv": [ 7.25, 6.875, 8, 7.375 ], "texture": "#texture" },
        "west":  { "uv": [ 4.125, 6.875, 4.25, 7.375 ], "texture": "#texture" },
        "east":  { "uv": [ 4.25, 6.875, 4.125, 7.375 ], "texture": "#texture" }
    }
},
{
    "from": [ 7.25, 8.375, 4.375 ],
    "to": [ 8, 8.625, 4.75 ],
    "faces": {
        "down":  { "uv": [ 8.75, 4.75, 8, 4.375 ], "texture": "#texture" },
        "up":    { "uv": [ 7.25, 4.375, 8, 4.75 ], "texture": "#texture" },
        "north": { "uv": [ 8, 7.375, 7.25, 7.625 ], "texture": "#texture" },
        "south": { "uv": [ 7.25, 7.375, 8, 7.625 ], "texture": "#texture" },
        "west":  { "uv": [ 4.375, 7.375, 4.75, 7.625 ], "texture": "#texture" },
        "east":  { "uv": [ 4.75, 7.375, 4.375, 7.625 ], "texture": "#texture" }
    }
},
{
    "from": [ 7.25, 8.3125, 4.5625 ],
    "to": [ 8, 8.5625, 4.9375 ],
    "rotation": { "origin": [ 7.25, 8.5625, 4.5625 ], "axis": "x", "angle": -45 },
    "faces": {
        "down":  { "uv": [ 8.75, 4.9375, 8, 4.5625 ], "texture": "#texture" },
        "up":    { "uv": [ 7.25, 4.5625, 8, 4.9375 ], "texture": "#texture" },
        "north": { "uv": [ 8, 7.4375, 7.25, 7.6875 ], "texture": "#texture" },
        "south": { "uv": [ 7.25, 7.4375, 8, 7.6875 ], "texture": "#texture" },
        "west":  { "uv": [ 4.5625, 7.4375, 4.9375, 7.6875 ], "texture": "#texture" },
        "east":  { "uv": [ 4.9375, 7.4375, 4.5625, 7.6875 ], "texture": "#texture" }
    }
},
{
    "from": [ 7.25, 8.5625, 4.3125 ],
    "to": [ 8, 8.8125, 4.6875 ],
    "rotation": { "origin": [ 7.25, 8.8125, 4.3125 ], "axis": "x", "angle": 45 },
    "faces": {
        "down":  { "uv": [ 8.75, 4.6875, 8, 4.3125 ], "texture": "#texture" },
        "up":    { "uv": [ 7.25, 4.3125, 8, 4.6875 ], "texture": "#texture" },
        "north": { "uv": [ 8, 7.1875, 7.25, 7.4375 ], "texture": "#texture" },
        "south": { "uv": [ 7.25, 7.1875, 8, 7.4375 ], "texture": "#texture" },
        "west":  { "uv": [ 4.3125, 7.1875, 4.6875, 7.4375 ], "texture": "#texture" },
        "east":  { "uv": [ 4.6875, 7.1875, 4.3125, 7.4375 ], "texture": "#texture" }
    }
},
{
    "from": [ 7.25, 8.875, 4.125 ],
    "to": [ 8, 9.125, 4.5 ],
    "rotation": { "origin": [ 7.25, 9.125, 4.125 ], "axis": "x", "angle": -45 },
    "faces": {
        "down":  { "uv": [ 8.75, 4.5, 8, 4.125 ], "texture": "#texture" },
        "up":    { "uv": [ 7.25, 4.125, 8, 4.5 ], "texture": "#texture" },
        "north": { "uv": [ 8, 6.875, 7.25, 7.125 ], "texture": "#texture" },
        "south": { "uv": [ 7.25, 6.875, 8, 7.125 ], "texture": "#texture" },
        "west":  { "uv": [ 4.125, 6.875, 4.5, 7.125 ], "texture": "#texture" },
        "east":  { "uv": [ 4.5, 6.875, 4.125, 7.125 ], "texture": "#texture" }
    }
},
{
    "from": [ 7.25, 9.125, 4.75 ],
    "to": [ 8, 9.375, 5.125 ],
    "rotation": { "origin": [ 7.25, 9.375, 4.75 ], "axis": "x", "angle": 45 },
    "faces": {
        "down":  { "uv": [ 8.75, 5.125, 8, 4.75 ], "texture": "#texture" },
        "up":    { "uv": [ 7.25, 4.75, 8, 5.125 ], "texture": "#texture" },
        "north": { "uv": [ 8, 6.625, 7.25, 6.875 ], "texture": "#texture" },
        "south": { "uv": [ 7.25, 6.625, 8, 6.875 ], "texture": "#texture" },
        "west":  { "uv": [ 4.75, 6.625, 5.125, 6.875 ], "texture": "#texture" },
        "east":  { "uv": [ 5.125, 6.625, 4.75, 6.875 ], "texture": "#texture" }
    }
},
{
    "from": [ 0, 9.5, 4.375 ],
    "to": [ 7.25, 9.75, 4.75 ],
    "faces": {
        "down":  { "uv": [ 16, 4.75, 8.75, 4.375 ], "texture": "#texture" },
        "up":    { "uv": [ 0, 4.375, 7.25, 4.75 ], "texture": "#texture" },
        "north": { "uv": [ 7.25, 6.25, 0, 6.5 ], "texture": "#texture" },
        "south": { "uv": [ 0, 6.25, 7.25, 6.5 ], "texture": "#texture" },
        "west":  { "uv": [ 2.5, 11.5, 3, 12 ], "texture": "#texture" },
        "east":  { "uv": [ 2.5, 11.5, 3, 12 ], "texture": "#texture" }
    }
},
{
    "from": [ 0, 8.25, 4.375 ],
    "to": [ 7.25, 8.5, 4.75 ],
    "faces": {
        "down":  { "uv": [ 16, 4.75, 8.75, 4.375 ], "texture": "#texture" },
        "up":    { "uv": [ 0, 4.375, 7.25, 4.75 ], "texture": "#texture" },
        "north": { "uv": [ 7.25, 7.5, 0, 7.75 ], "texture": "#texture" },
        "south": { "uv": [ 0, 7.5, 7.25, 7.75 ], "texture": "#texture" },
        "west":  { "uv": [ 4.375, 7.5, 4.75, 7.75 ], "texture": "#texture" },
        "east":  { "uv": [ 4.75, 7.5, 4.375, 7.75 ], "texture": "#texture" }
    }
},
{
    "from": [ 0, 8.6875, 5 ],
    "to": [ 7.25, 9.3125, 5.1875 ],
    "faces": {
        "down":  { "uv": [ 16, 5.1875, 8.75, 5 ], "texture": "#texture" },
        "up":    { "uv": [ 0, 5, 7.25, 5.1875 ], "texture": "#texture" },
        "north": { "uv": [ 7.25, 6.6875, 0, 7.3125 ], "texture": "#texture" },
        "south": { "uv": [ 0, 6.6875, 7.25, 7.3125 ], "texture": "#texture" },
        "west":  { "uv": [ 6.125, 10.25, 6.625, 10.875 ], "texture": "#texture" },
        "east":  { "uv": [ 6.125, 10.25, 6.625, 10.875 ], "texture": "#texture" }
    }
},
{
    "from": [ 0, 8.6875, 3.9375 ],
    "to": [ 7.25, 9.3125, 4.125 ],
    "faces": {
        "down":  { "uv": [ 16, 4.125, 8.75, 3.9375 ], "texture": "#texture" },
        "up":    { "uv": [ 0, 3.9375, 7.25, 4.125 ], "texture": "#texture" },
        "north": { "uv": [ 7.25, 6.6875, 0, 6.9375 ], "texture": "#texture" },
        "south": { "uv": [ 7.25, 6.6875, 0, 6.9375 ], "texture": "#texture" },
        "west":  { "uv": [ 2.375, 7.875, 2.875, 8.5 ], "texture": "#texture" },
        "east":  { "uv": [ 2.375, 7.875, 2.875, 8.5 ], "texture": "#texture" }
    }
},
{
    "from": [ 0, 9.5, 4.75 ],
    "to": [ 7.25, 9.75, 5.375 ],
    "rotation": { "origin": [ 0, 9.75, 4.75 ], "axis": "x", "angle": 45 },
    "faces": {
        "down":  { "uv": [ 0, 6.25, 7.375, 6.5 ], "texture": "#texture" },
        "up":    { "uv": [ 0, 6.25, 7.375, 6.5 ], "texture": "#texture" },
        "north": { "uv": [ 7.25, 6.25, 0, 6.5 ], "texture": "#texture" },
        "south": { "uv": [ 0, 6.25, 7.25, 6.5 ], "texture": "#texture" },
        "west":  { "uv": [ 4.75, 9.75, 5.375, 10 ], "texture": "#texture" },
        "east":  { "uv": [ 4.75, 9.75, 5.375, 10 ], "texture": "#texture" }
    }
},
{
    "from": [ 0, 9.0625, 3.9375 ],
    "to": [ 7.25, 9.3125, 4.5625 ],
    "rotation": { "origin": [ 0, 9.3125, 3.9375 ], "axis": "x", "angle": -45 },
    "faces": {
        "down":  { "uv": [ 0, 6.5, 7.25, 6.25 ], "texture": "#texture" },
        "up":    { "uv": [ 0, 6.5, 7.25, 6.25 ], "texture": "#texture" },
        "north": { "uv": [ 0, 6.6875, 7.25, 6.9375 ], "texture": "#texture" },
        "south": { "uv": [ 0, 6.6875, 7.25, 6.9375 ], "texture": "#texture" },
        "west":  { "uv": [ 3.9375, 14, 4.5625, 14.5 ], "texture": "#texture" },
        "east":  { "uv": [ 3.9375, 14, 4.5625, 14.5 ], "texture": "#texture" }
    }
},
{
    "from": [ 0, 8.625, 4.125 ],
    "to": [ 7.25, 8.875, 4.75 ],
    "rotation": { "origin": [ 0, 8.875, 4.125 ], "axis": "x", "angle": 45 },
    "faces": {
        "down":  { "uv": [ 0, 7.375, 7.125, 7 ], "texture": "#texture" },
        "up":    { "uv": [ 0, 7.375, 7.125, 7 ], "texture": "#texture" },
        "north": { "uv": [ 0, 7.125, 7.25, 7.375 ], "texture": "#texture" },
        "south": { "uv": [ 0, 7.125, 7.25, 7.375 ], "texture": "#texture" },
        "west":  { "uv": [ 4.125, 14, 4.75, 14.5 ], "texture": "#texture" },
        "east":  { "uv": [ 4.125, 14, 4.75, 14.5 ], "texture": "#texture" }
    }
},
{
    "from": [ 0, 8.1875, 4.5625 ],
    "to": [ 7.25, 8.4375, 5.1875 ],
    "rotation": { "origin": [ 0, 8.4375, 4.5625 ], "axis": "x", "angle": -45 },
    "faces": {
        "down":  { "uv": [ 0, 7.25, 7.25, 7.5 ], "texture": "#texture" },
        "up":    { "uv": [ 0, 7.25, 7.25, 7.5 ], "texture": "#texture" },
        "north": { "uv": [ 7.25, 7.5625, 0, 7.8125 ], "texture": "#texture" },
        "south": { "uv": [ 0, 7.5625, 7.25, 7.8125 ], "texture": "#texture" },
        "west":  { "uv": [ 4.5625, 7.5625, 5.1875, 7.8125 ], "texture": "#texture" },
        "east":  { "uv": [ 5.1875, 7.5625, 4.5625, 7.8125 ], "texture": "#texture" }
    }
},
{
    "from": [ 11.375, 7.375, 4 ],
    "to": [ 11.625, 7.75, 5 ],
    "rotation": { "origin": [ 11.375, 7.75, 4 ], "axis": "z", "angle": 22.5 },
    "faces": {
        "down":  { "uv": [ 11.375, 4, 11.625, 5 ], "texture": "#texture" },
        "up":    { "uv": [ 11.375, 4, 11.625, 5 ], "texture": "#texture" },
        "north": { "uv": [ 11.375, 8.25, 11.625, 8.625 ], "texture": "#texture" },
        "south": { "uv": [ 11.375, 8.25, 11.625, 8.625 ], "texture": "#texture" },
        "west":  { "uv": [ 4, 8.25, 5, 8.625 ], "texture": "#texture" },
        "east":  { "uv": [ 4, 8.25, 5, 8.625 ], "texture": "#texture" }
    }
},
{
    "from": [ 11.5, 7.1875, 4 ],
    "to": [ 11.75, 7.5625, 5 ],
    "rotation": { "origin": [ 11.5, 7.5625, 4 ], "axis": "z", "angle": -22.5 },
    "faces": {
        "down":  { "uv": [ 4.5, 5, 4.25, 4 ], "texture": "#texture" },
        "up":    { "uv": [ 11.5, 4, 11.75, 5 ], "texture": "#texture" },
        "north": { "uv": [ 11.75, 8.4375, 11.5, 8.8125 ], "texture": "#texture" },
        "south": { "uv": [ 11.5, 8.4375, 11.75, 8.8125 ], "texture": "#texture" },
        "west":  { "uv": [ 4, 8.4375, 5, 8.8125 ], "texture": "#texture" },
        "east":  { "uv": [ 5, 8.4375, 4, 8.8125 ], "texture": "#texture" }
    }
},
{
    "from": [ 11.375, 6.9375, 4 ],
    "to": [ 11.625, 7.3125, 5 ],
    "rotation": { "origin": [ 11.375, 7.3125, 4 ], "axis": "z", "angle": -45 },
    "faces": {
        "down":  { "uv": [ 4.625, 5, 4.375, 4 ], "texture": "#texture" },
        "up":    { "uv": [ 11.375, 4, 11.625, 5 ], "texture": "#texture" },
        "north": { "uv": [ 11.625, 8.6875, 11.375, 9.0625 ], "texture": "#texture" },
        "south": { "uv": [ 11.375, 8.6875, 11.625, 9.0625 ], "texture": "#texture" },
        "west":  { "uv": [ 4, 8.6875, 5, 9.0625 ], "texture": "#texture" },
        "east":  { "uv": [ 5, 8.6875, 4, 9.0625 ], "texture": "#texture" }
    }
},
{
    "from": [ 7.75, 9.5625, 4.125 ],
    "to": [ 8.25, 9.8125, 4.875 ],
    "faces": {
        "down":  { "uv": [ 8.25, 4.875, 7.75, 4.125 ], "texture": "#texture" },
        "up":    { "uv": [ 7.75, 4.125, 8.25, 4.875 ], "texture": "#texture" },
        "north": { "uv": [ 8.25, 6.1875, 7.75, 6.4375 ], "texture": "#texture" },
        "south": { "uv": [ 7.75, 6.1875, 8.25, 6.4375 ], "texture": "#texture" },
        "west":  { "uv": [ 4.125, 6.1875, 4.875, 6.4375 ], "texture": "#texture" },
        "east":  { "uv": [ 4.875, 6.1875, 4.125, 6.4375 ], "texture": "#texture" }
    }
}
],
"display": {
    "thirdperson": {
        "rotation": [ 0, 90, -82 ],
        "translation": [ 0.9, 1.8, -1.7 ],
        "scale": [ 0.65, 0.65, 0.65 ]
    },
    "firstperson": {
        "rotation": [ 0, -147, 9 ],
        "translation": [ -3.8, 4.3, -1.5 ],
        "scale": [ 1.5, 1.5, 1.5 ]
    },
    "gui": {
        "rotation": [ -26, 122, 0 ],
        "translation": [ 0, 0, 0 ],
        "scale": [ 1.6, 1.6, 1.6 ]
    }
}
}